ID_Nasabah,Usia_Nasabah,Jenis_Kelamin,Jumlah_Tanggungan,Tingkat_Pendidikan,Status_Pernikahan,Pendapatan,Kategori_Kartu,Lama_Menjadi_Nasabah,Jumlah_Layanan,Limit_Kredit,Saldo_Revolting_Total,Total_Transaksi,Jumlah_Melakukan_Transaksi,Rasio_Penggunaan_Rata-rata
717574683,53.0,Perempuan,3,,Menikah,44280.0,Biru,46,6,2192.0,1146,4756,85,0.523
769662033,45.0,Perempuan,2,Kuliah,,9982.0,Biru,29,2,1438.3,0,5025,85,0.0
719377383,40.0,Laki-Laki,2,Kuliah,Belum Menikah,64988.0,Biru,28,1,10880.0,2025,4957,90,0.186
820657083,53.0,Laki-Laki,4,Kuliah,Belum Menikah,117549.0,Perak,48,5,34516.0,800,3819,72,0.023
709836258,45.0,Perempuan,4,Sarjana,Menikah,21579.0,Biru,41,5,1927.0,1337,5127,81,0.694
779833908,,Perempuan,2,Sarjana,Bercerai,,Biru,23,6,18332.0,1376,4095,67,0.075
719976558,47.0,Laki-Laki,2,Sarjana,,69152.0,Biru,34,3,4249.0,1562,1881,49,0.368
818502708,,Perempuan,1,Tidak Berpendidikan,Belum Menikah,43872.0,Biru,46,5,2284.0,1674,4885,86,0.733
786509358,44.0,Laki-Laki,3,,Menikah,84471.0,Biru,38,3,4198.0,1782,2051,36,0.424
789226683,44.0,Laki-Laki,1,,Menikah,62013.0,Biru,33,6,4969.0,1187,3878,82,0.239
719912808,52.0,Laki-Laki,2,SMA,Belum Menikah,77519.0,Biru,39,3,14973.0,0,4288,72,0.0
714816258,37.0,Laki-Laki,2,Sarjana,Belum Menikah,73950.0,Biru,36,4,7638.0,947,2336,58,0.124
721402233,,Laki-Laki,3,Tidak Berpendidikan,Menikah,159371.0,Biru,28,2,19192.0,1507,15615,125,0.079
708445608,48.0,Laki-Laki,3,Kuliah,Menikah,16963.0,Biru,37,4,3305.0,2517,2027,57,0.762
721112508,48.0,Perempuan,3,Sarjana,Menikah,35598.0,Biru,40,2,5298.0,0,4834,80,0.0
714920208,37.0,Perempuan,1,SMA,,4531.0,Biru,30,3,3003.0,1810,3148,68,0.603
716399583,34.0,Laki-Laki,1,Tidak Berpendidikan,Menikah,171327.0,Biru,36,6,19630.0,1251,2286,39,0.064
718500633,45.0,Perempuan,4,,Menikah,38366.0,Biru,36,5,7924.0,1896,3270,58,0.239
717733158,,Perempuan,3,Doktor,Menikah,39302.0,Biru,29,4,3186.0,2517,4197,84,0.79
716866308,38.0,Laki-Laki,2,SMA,Menikah,73964.0,Biru,33,6,5940.0,1101,1872,34,0.185
708447858,59.0,Perempuan,2,Tidak Berpendidikan,Menikah,19012.0,Biru,36,6,3850.0,0,15107,117,0.0
771190083,36.0,Perempuan,3,Post-Graduate,Belum Menikah,23664.0,Biru,23,6,2410.0,1705,2505,69,0.707
712444533,43.0,Laki-Laki,2,SMA,Belum Menikah,82990.0,Biru,36,6,14418.0,0,3880,68,0.0
721491258,53.0,Laki-Laki,4,Sarjana,Menikah,114096.0,Biru,36,3,3924.0,2517,1417,30,0.641
719633508,52.0,Perempuan,1,Doktor,Menikah,39946.0,Biru,39,3,1663.0,0,4875,86,0.0
709165533,47.0,Laki-Laki,3,Doktor,,143575.0,Biru,41,6,6143.0,1151,4330,72,0.187
718563483,30.0,Laki-Laki,2,,Bercerai,182802.0,Biru,14,3,1548.0,0,2611,64,0.0
784734258,56.0,Perempuan,2,,Bercerai,43460.0,Biru,50,5,5084.0,1683,4060,55,0.331
720817533,54.0,Laki-Laki,1,Tidak Berpendidikan,Menikah,170546.0,Biru,40,4,12086.0,1264,15559,91,0.105
719848908,41.0,Perempuan,3,Sarjana,Menikah,,Biru,33,3,2542.0,0,4087,73,0.0
720676158,34.0,Perempuan,4,Tidak Berpendidikan,Belum Menikah,,Biru,21,6,9005.0,1994,5223,89,0.221
822068583,48.0,Perempuan,4,Tidak Berpendidikan,Belum Menikah,,Biru,44,4,2231.0,0,3946,48,0.0
766706358,39.0,Perempuan,2,,Menikah,25115.0,Biru,32,6,2524.0,1395,1800,33,0.553
713282733,37.0,Perempuan,2,Sarjana,Belum Menikah,57674.0,Biru,24,4,3375.0,1730,4341,64,0.513
716165508,51.0,Laki-Laki,2,Tidak Berpendidikan,Menikah,67611.0,Biru,40,2,3559.0,0,4498,94,0.0
751422258,45.0,Perempuan,4,Sarjana,Menikah,33877.0,Biru,38,6,5583.0,0,3317,71,0.0
714658233,46.0,Perempuan,5,SMA,,34870.0,Biru,37,4,1438.3,725,3916,79,0.504
718894233,53.0,Perempuan,2,Sarjana,Menikah,40028.0,Biru,36,6,2956.0,1391,2116,63,0.471
804426858,35.0,Perempuan,1,Tidak Berpendidikan,Menikah,14837.0,Biru,30,3,2593.0,1660,1974,33,0.64
719273733,37.0,Laki-Laki,2,Tidak Berpendidikan,Menikah,71105.0,Biru,36,5,7959.0,998,1855,29,0.125
822961533,65.0,Perempuan,0,Kuliah,Bercerai,,Biru,56,5,13666.0,0,3998,70,0.0
715713408,55.0,Laki-Laki,2,Sarjana,Menikah,28271.0,Emas,46,3,15987.0,0,15853,117,0.0
713824983,43.0,Perempuan,0,SMA,Menikah,27576.0,Biru,35,1,8401.0,1085,7697,98,0.129
814987983,37.0,Perempuan,2,Kuliah,Belum Menikah,57861.0,Biru,32,2,3680.0,683,4835,77,0.186
803977008,39.0,Laki-Laki,2,,Menikah,71538.0,Biru,34,6,5219.0,1826,1715,35,0.35
827703258,42.0,Laki-Laki,4,SMA,Menikah,69613.0,Biru,38,2,13426.0,0,4674,66,0.0
719401158,62.0,Perempuan,0,Post-Graduate,Belum Menikah,44281.0,Biru,53,1,4136.0,0,7739,97,0.0
720859533,52.0,Perempuan,2,SMA,Belum Menikah,49030.0,Biru,39,2,12214.0,2379,8426,105,0.195
717045033,45.0,Perempuan,3,,Menikah,,Biru,36,6,8459.0,757,4677,87,0.089
721236408,,Laki-Laki,2,Sarjana,Menikah,102261.0,Biru,29,5,7535.0,2517,1655,41,0.334
787231233,34.0,Laki-Laki,5,Post-Graduate,Belum Menikah,98014.0,Perak,28,3,34516.0,1731,2421,63,0.05
808950108,39.0,Perempuan,2,Sarjana,Menikah,34307.0,Biru,34,4,1438.3,859,4409,72,0.597
787937058,58.0,Laki-Laki,0,Sarjana,Menikah,103606.0,Biru,49,6,12555.0,1696,1291,24,0.135
708707808,57.0,Laki-Laki,2,Sarjana,,63099.0,Biru,45,4,2480.0,1584,3438,66,0.639
716029158,59.0,Laki-Laki,0,,Menikah,68700.0,Biru,36,6,4230.0,1366,1480,35,0.323
710163633,41.0,Perempuan,4,Sarjana,Bercerai,41623.0,Biru,36,3,1919.0,867,4996,92,0.452
717888108,47.0,Perempuan,3,Doktor,Belum Menikah,59027.0,Biru,35,3,2872.0,2517,3635,62,0.876
712064358,38.0,Laki-Laki,1,Sarjana,Menikah,79855.0,Biru,36,6,2507.0,1544,1999,34,0.616
716098683,46.0,Perempuan,5,Sarjana,,,Biru,36,2,5496.0,1816,7985,93,0.33
711840408,64.0,Laki-Laki,0,Kuliah,Menikah,35795.0,Biru,55,5,2492.0,1424,1375,30,0.571
710523333,65.0,Laki-Laki,0,Sarjana,Menikah,32563.0,Biru,56,6,2541.0,1616,1416,27,0.636
768612258,52.0,Perempuan,3,,Belum Menikah,29611.0,Biru,46,3,2700.0,1623,4171,78,0.601
753327333,41.0,Laki-Laki,3,,Menikah,103143.0,Biru,34,4,13535.0,1291,1028,21,0.095
787770858,43.0,Laki-Laki,4,Sarjana,Belum Menikah,112762.0,Biru,32,3,8333.0,774,3889,81,0.093
771872733,38.0,Laki-Laki,0,,Menikah,65780.0,Biru,26,5,3809.0,1521,4666,69,0.399
779655183,48.0,Laki-Laki,4,Kuliah,Belum Menikah,99283.0,Biru,31,6,5033.0,0,4054,82,0.0
716552433,40.0,Perempuan,4,Tidak Berpendidikan,Menikah,11992.0,Biru,36,4,5056.0,1067,15926,117,0.211
710520408,52.0,Perempuan,4,SMA,Belum Menikah,,Biru,36,5,9078.0,1194,4458,87,0.132
710420133,47.0,Perempuan,2,Sarjana,Menikah,19985.0,Biru,34,6,2190.0,0,4416,68,0.0
737962608,48.0,Perempuan,4,Kuliah,Bercerai,9910.0,Biru,41,4,3745.0,2517,4550,78,0.672
715343883,42.0,Perempuan,3,SMA,Belum Menikah,24564.0,Biru,32,5,1931.0,1297,4693,66,0.672
719768658,31.0,Perempuan,0,Kuliah,Menikah,,Perak,24,2,34516.0,2032,14544,104,0.059
716204883,53.0,Laki-Laki,4,Kuliah,,70462.0,Biru,44,5,7026.0,1728,3935,66,0.246
721295658,62.0,Laki-Laki,1,,Belum Menikah,107805.0,Biru,55,6,34516.0,2517,3975,63,0.073
715778358,45.0,Laki-Laki,5,Sarjana,Menikah,122490.0,Biru,26,6,34516.0,797,3643,59,0.023
771338658,46.0,Laki-Laki,2,SMA,Menikah,99569.0,Biru,30,6,11670.0,915,4277,89,0.078
719051733,63.0,Laki-Laki,0,Kuliah,Belum Menikah,79120.0,Biru,51,4,2706.0,889,5047,64,0.329
789115833,44.0,Laki-Laki,4,SMA,Belum Menikah,72237.0,Biru,32,5,3233.0,1034,1256,29,0.32
770952933,53.0,Perempuan,1,,Menikah,35246.0,Biru,40,4,2383.0,1938,1616,37,0.813
713048733,50.0,Laki-Laki,2,Tidak Berpendidikan,Menikah,138857.0,Biru,40,3,34516.0,1871,4054,75,0.054
712663533,40.0,Laki-Laki,4,SMA,Belum Menikah,55753.0,Biru,32,6,2441.0,1656,3903,62,0.678
721412208,57.0,Perempuan,2,SMA,Menikah,15295.0,Biru,36,4,1438.3,904,3887,79,0.629
780730008,51.0,Laki-Laki,2,Kuliah,Belum Menikah,186734.0,Biru,36,2,3477.0,752,13627,120,0.216
779449308,46.0,Perempuan,4,SMA,Belum Menikah,38705.0,Biru,28,6,3206.0,0,3253,72,0.0
713101383,44.0,Perempuan,2,,Menikah,48631.0,Biru,36,1,1834.0,0,5402,87,0.0
754457883,49.0,Laki-Laki,2,,Belum Menikah,28877.0,Biru,42,4,4834.0,0,1876,35,0.0
719455083,,Perempuan,3,Tidak Berpendidikan,Belum Menikah,11192.0,Biru,39,4,2991.0,1508,3734,64,0.504
710035008,31.0,Perempuan,0,Tidak Berpendidikan,Belum Menikah,25248.0,Biru,24,3,3827.0,1397,2491,64,0.365
789563658,64.0,Laki-Laki,0,Kuliah,Belum Menikah,22430.0,Perak,56,5,12155.0,0,4618,60,0.0
708626058,49.0,Perempuan,2,Tidak Berpendidikan,Menikah,20355.0,Biru,34,6,5242.0,1465,4098,68,0.279
720313083,32.0,Laki-Laki,1,,Belum Menikah,141858.0,Biru,18,5,6276.0,2289,2637,68,0.365
779751258,45.0,Perempuan,2,Sarjana,Menikah,20305.0,Biru,31,2,1946.0,1183,8423,82,0.608
789601308,58.0,Laki-Laki,3,,Menikah,148952.0,Biru,52,4,12398.0,0,4228,93,0.0
714207483,47.0,Laki-Laki,3,Sarjana,Menikah,88116.0,Biru,41,6,11997.0,1424,4125,80,0.119
708863733,35.0,Laki-Laki,3,,Belum Menikah,59744.0,Emas,19,1,22725.0,808,13847,120,0.036
711443808,46.0,Laki-Laki,2,,Bercerai,71781.0,Biru,37,6,2695.0,1657,4068,53,0.615
818729208,52.0,Laki-Laki,3,Sarjana,Menikah,73011.0,Biru,47,3,8185.0,941,4525,77,0.115
772375533,30.0,Laki-Laki,1,Sarjana,Menikah,93404.0,Biru,19,5,9959.0,2377,1560,39,0.239
716702358,44.0,Perempuan,2,,Menikah,9320.0,Biru,33,5,2337.0,698,4048,83,0.299
720553158,39.0,Perempuan,1,Sarjana,Belum Menikah,36786.0,Biru,31,5,3390.0,2222,5001,82,0.655
803957508,52.0,Laki-Laki,2,,Belum Menikah,82060.0,Biru,47,6,15904.0,1024,1433,33,0.064
716144058,36.0,Perempuan,1,Kuliah,Belum Menikah,48681.0,Biru,25,6,1888.0,0,1886,66,0.0
716741508,,Perempuan,3,SMA,Menikah,36311.0,Biru,21,2,2831.0,1167,4460,65,0.412
711359058,46.0,Perempuan,4,SMA,Belum Menikah,39495.0,Biru,33,3,3942.0,1711,4622,71,0.434
713289183,53.0,Perempuan,3,Doktor,Menikah,22984.0,Biru,33,6,2255.0,1647,4270,76,0.73
717324183,31.0,Perempuan,0,SMA,Belum Menikah,25861.0,Perak,21,3,14305.0,1288,14769,119,0.09
716375883,53.0,Perempuan,3,Tidak Berpendidikan,Menikah,,Biru,36,6,2447.0,1558,1716,38,0.637
712837233,46.0,Laki-Laki,2,SMA,Belum Menikah,133612.0,Biru,36,3,13001.0,1482,3671,55,0.114
710503308,48.0,Perempuan,2,Sarjana,Belum Menikah,,Biru,29,6,9554.0,2337,4049,71,0.245
713162358,49.0,Perempuan,4,,Belum Menikah,44374.0,Biru,36,4,9595.0,509,4050,72,0.053
716077458,46.0,Laki-Laki,3,Tidak Berpendidikan,Menikah,51156.0,Biru,36,4,4707.0,1121,3188,71,0.238
779770683,47.0,Perempuan,3,Tidak Berpendidikan,Bercerai,57820.0,Biru,36,2,1439.0,0,5047,79,0.0
806219808,52.0,Laki-Laki,3,Kuliah,,190463.0,Biru,47,5,5119.0,1972,5146,88,0.385
789849108,35.0,Laki-Laki,1,Sarjana,Belum Menikah,77758.0,Biru,25,6,14365.0,0,2290,62,0.0
789089958,57.0,Laki-Laki,2,SMA,Belum Menikah,60179.0,Perak,45,5,33211.0,0,3662,81,0.0
718835583,50.0,Perempuan,1,Sarjana,Menikah,,Biru,41,6,15641.0,2379,3769,76,0.152
807209808,48.0,Laki-Laki,1,SMA,Belum Menikah,71329.0,Biru,40,6,2319.0,1630,3739,68,0.703
712490283,55.0,Perempuan,4,Sarjana,Menikah,52255.0,Biru,41,4,3156.0,2517,2091,48,0.798
756477333,42.0,Perempuan,4,Tidak Berpendidikan,Menikah,25981.0,Biru,35,4,1539.0,0,4793,71,0.0
771349458,33.0,Laki-Laki,2,Sarjana,Menikah,42608.0,Biru,20,4,5657.0,1792,1914,46,0.317
788868858,54.0,Laki-Laki,2,Sarjana,Menikah,6089.0,Biru,39,4,2702.0,2517,1658,32,0.932
811775883,46.0,Laki-Laki,4,Sarjana,Bercerai,70041.0,Biru,41,4,5397.0,2336,4734,96,0.433
772353408,43.0,Perempuan,5,,Belum Menikah,40508.0,Biru,33,4,5330.0,1161,1441,43,0.218
797389758,42.0,Perempuan,2,Sarjana,Menikah,45928.0,Perak,36,6,16290.0,0,4232,79,0.0
711733308,45.0,Perempuan,2,Tidak Berpendidikan,Belum Menikah,12310.0,Biru,36,2,1839.0,0,4930,91,0.0
788199858,42.0,Perempuan,3,SMA,,,Biru,34,1,2798.0,1049,5758,87,0.375
717953283,,Laki-Laki,3,Sarjana,Menikah,68110.0,Biru,31,5,2122.0,1189,4379,45,0.56
709474683,42.0,Perempuan,3,Kuliah,Menikah,725.0,Biru,13,3,6078.0,1478,8442,95,0.243
712580958,38.0,Laki-Laki,1,SMA,Belum Menikah,178208.0,Biru,30,2,27712.0,2130,7399,91,0.077
789535233,52.0,Laki-Laki,1,Sarjana,Belum Menikah,88741.0,Perak,44,2,34516.0,1618,11603,109,0.047
708522033,50.0,Laki-Laki,2,Kuliah,Menikah,66371.0,Biru,36,2,12299.0,1664,15060,90,0.135
714103908,54.0,Perempuan,3,Doktor,Belum Menikah,19827.0,Biru,36,4,2778.0,743,4515,74,0.267
710558883,41.0,Laki-Laki,3,Tidak Berpendidikan,Menikah,70030.0,Biru,36,5,17391.0,1044,1248,27,0.06
778799583,35.0,Perempuan,0,,Menikah,25594.0,Biru,24,6,2592.0,2227,1695,48,0.859
717553683,52.0,Perempuan,1,,Menikah,10032.0,Biru,36,1,3040.0,2517,4608,61,0.828
713303733,53.0,Laki-Laki,1,Sarjana,Menikah,172047.0,Biru,41,6,1612.0,744,1564,33,0.462
718083483,42.0,Laki-Laki,3,Tidak Berpendidikan,,29844.0,Biru,35,4,6218.0,2134,2086,50,0.343
745435533,44.0,Laki-Laki,2,,Menikah,112151.0,Biru,37,6,2617.0,2517,3104,70,0.962
803380383,46.0,Perempuan,5,Sarjana,Bercerai,26833.0,Biru,40,3,1592.0,925,4615,90,0.581
710930508,37.0,Laki-Laki,3,Tidak Berpendidikan,Belum Menikah,79994.0,Biru,36,5,22352.0,2517,1350,24,0.113
717385983,30.0,Laki-Laki,0,Sarjana,Menikah,22724.0,Biru,21,6,2490.0,0,1645,30,0.0
715821183,42.0,Perempuan,4,Kuliah,Menikah,,Biru,23,3,7102.0,0,4083,68,0.0
794545983,57.0,Laki-Laki,2,Sarjana,Menikah,97582.0,Biru,40,3,12208.0,1980,1409,34,0.162
714241083,49.0,Perempuan,1,Sarjana,Menikah,,Biru,39,1,5455.0,2091,4349,58,0.383
817285758,49.0,Laki-Laki,4,Sarjana,Belum Menikah,105384.0,Biru,33,5,16435.0,0,1721,56,0.0
802822833,51.0,Laki-Laki,3,Tidak Berpendidikan,,89208.0,Biru,45,5,21328.0,0,3825,76,0.0
713922183,52.0,Laki-Laki,2,Tidak Berpendidikan,Belum Menikah,166354.0,Biru,36,3,2507.0,1259,4461,73,0.502
789830058,44.0,Laki-Laki,4,,Belum Menikah,112376.0,Biru,34,4,21573.0,1585,1384,36,0.073
709895508,42.0,Laki-Laki,3,Sarjana,Menikah,22873.0,Biru,36,2,6153.0,974,7434,92,0.158
710756133,40.0,Perempuan,3,,Menikah,8725.0,Biru,31,5,1811.0,821,4290,73,0.453
771575058,45.0,Laki-Laki,1,Sarjana,Menikah,36973.0,Biru,33,4,2009.0,1795,3172,55,0.893
716028108,35.0,Perempuan,2,Kuliah,Belum Menikah,15584.0,Biru,18,6,2658.0,0,4667,83,0.0
716296833,56.0,Laki-Laki,0,Doktor,Belum Menikah,88576.0,Biru,47,2,7204.0,0,14042,113,0.0
713773458,52.0,Laki-Laki,2,SMA,Belum Menikah,73151.0,Biru,45,5,7567.0,1173,1435,32,0.155
720357483,46.0,Perempuan,1,Kuliah,Menikah,3082.0,Biru,23,5,1723.0,1010,4112,82,0.586
713529858,29.0,Laki-Laki,2,Sarjana,Bercerai,53495.0,Perak,22,6,15578.0,1383,2492,71,0.089
804310758,58.0,Laki-Laki,3,Sarjana,Menikah,160396.0,Biru,52,5,17934.0,1578,2005,48,0.088
710779083,59.0,Perempuan,0,Sarjana,Menikah,26937.0,Biru,48,3,1661.0,0,4338,77,0.0
715477233,55.0,Perempuan,1,SMA,,,Biru,36,3,6968.0,1430,4037,69,0.205
711686658,48.0,Laki-Laki,5,SMA,Menikah,90769.0,Perak,40,6,34516.0,1417,16579,109,0.041
802622733,44.0,Perempuan,4,Tidak Berpendidikan,Belum Menikah,46594.0,Biru,34,1,3657.0,0,14802,95,0.0
756944133,52.0,Perempuan,4,Sarjana,Menikah,5014.0,Biru,45,1,3705.0,2168,4452,89,0.585
721306908,61.0,Perempuan,1,Sarjana,Belum Menikah,,Biru,44,4,2303.0,540,3440,46,0.234
793355508,,Laki-Laki,0,Sarjana,Belum Menikah,14019.0,Biru,26,6,6942.0,0,2657,71,0.0
720557883,35.0,Laki-Laki,3,Tidak Berpendidikan,Belum Menikah,10984.0,Biru,21,5,6104.0,1595,15240,102,0.261
818930808,36.0,Perempuan,2,Tidak Berpendidikan,Menikah,6291.0,Biru,31,3,2754.0,1798,3937,70,0.653
795920358,33.0,Perempuan,2,SMA,Menikah,18844.0,Biru,27,3,7185.0,0,2679,45,0.0
714313608,36.0,Perempuan,4,Tidak Berpendidikan,Menikah,29467.0,Biru,36,5,4228.0,1886,4356,74,0.446
714578283,47.0,Laki-Laki,1,Sarjana,Menikah,60178.0,Biru,37,6,2053.0,0,1283,28,0.0
714034158,46.0,Perempuan,4,,Menikah,33830.0,Biru,38,5,3331.0,1307,3946,69,0.392
710504283,50.0,Laki-Laki,1,Tidak Berpendidikan,Menikah,106460.0,Biru,39,6,14817.0,1463,4014,70,0.099
711398433,38.0,Laki-Laki,0,SMA,Menikah,65256.0,Biru,31,4,16565.0,1200,16736,99,0.072
711851583,50.0,Laki-Laki,2,Sarjana,Menikah,132619.0,Biru,42,6,8220.0,1015,4794,77,0.123
779458383,50.0,Perempuan,3,SMA,Menikah,20053.0,Biru,32,6,2590.0,2087,4248,73,0.806
715204083,47.0,Perempuan,4,Doktor,Belum Menikah,1991.0,Biru,36,3,2765.0,901,4990,80,0.326
788876208,42.0,Perempuan,2,Sarjana,Belum Menikah,23260.0,Biru,27,5,2265.0,0,3826,71,0.0
710528583,26.0,Perempuan,0,,Belum Menikah,47871.0,Biru,16,6,1612.0,835,2148,40,0.518
788900883,51.0,Perempuan,2,Sarjana,Menikah,3239.0,Biru,36,3,3106.0,1304,1368,38,0.42
713870958,56.0,Perempuan,3,Tidak Berpendidikan,Belum Menikah,,Platinum,46,2,34516.0,0,8416,93,0.0
778661358,46.0,Perempuan,1,,Menikah,2166.0,Biru,36,2,2474.0,2143,1541,40,0.866
710288883,40.0,Perempuan,1,Sarjana,Menikah,27728.0,Biru,32,4,8749.0,1654,5054,73,0.189
713426358,,Perempuan,0,Kuliah,Menikah,,Biru,36,3,5685.0,0,2395,62,0.0
789634983,59.0,Laki-Laki,1,Sarjana,Menikah,52427.0,Biru,53,5,4188.0,2200,4911,86,0.525
823922208,49.0,Laki-Laki,3,,Belum Menikah,65493.0,Biru,45,1,2122.0,1101,7404,103,0.519
711663858,28.0,Laki-Laki,1,Post-Graduate,Belum Menikah,,Biru,13,4,20030.0,1204,15862,127,0.06
708595158,27.0,Perempuan,0,Sarjana,Belum Menikah,18582.0,Biru,36,6,1677.0,1598,2389,43,0.953
717495258,34.0,Laki-Laki,3,Tidak Berpendidikan,Menikah,102465.0,Biru,25,6,9131.0,916,1893,36,0.1
710536983,49.0,Perempuan,0,Post-Graduate,Menikah,22839.0,Biru,36,6,3007.0,2517,4423,67,0.837
720458883,29.0,Laki-Laki,1,SMA,Menikah,61049.0,Biru,16,3,12495.0,2517,14524,106,0.201
710695083,44.0,Laki-Laki,3,Kuliah,Belum Menikah,68368.0,Perak,32,4,28397.0,1421,1635,31,0.05
816325533,39.0,Perempuan,1,Sarjana,Menikah,4732.0,Biru,34,6,6458.0,1802,2315,49,0.279
713936583,54.0,Laki-Laki,2,Sarjana,Menikah,64303.0,Biru,43,6,6224.0,1892,2187,58,0.304
820330008,46.0,Laki-Laki,5,SMA,Menikah,173667.0,Biru,42,1,32926.0,1540,8231,98,0.047
720718908,46.0,Laki-Laki,3,Tidak Berpendidikan,Belum Menikah,159504.0,Biru,36,5,26977.0,1961,1958,41,0.073
715779333,45.0,Perempuan,3,Sarjana,Belum Menikah,8605.0,Biru,36,5,4753.0,0,3895,71,0.0
767311008,41.0,Laki-Laki,1,Sarjana,Bercerai,108164.0,Biru,35,6,19412.0,770,1576,41,0.04
779509983,53.0,Laki-Laki,2,Post-Graduate,Belum Menikah,121831.0,Biru,36,6,34516.0,931,1022,21,0.027
720660558,50.0,Laki-Laki,2,Tidak Berpendidikan,Menikah,139243.0,Biru,36,4,23911.0,2100,4770,89,0.088
779978283,45.0,Perempuan,3,SMA,Menikah,,Biru,34,4,5056.0,0,4428,78,0.0
718078008,40.0,Laki-Laki,2,Kuliah,Bercerai,76959.0,Biru,36,3,20304.0,0,7494,85,0.0
720914358,46.0,Perempuan,3,Sarjana,Menikah,6740.0,Biru,36,3,4416.0,1333,4894,84,0.302
778236858,54.0,Perempuan,2,Sarjana,Menikah,,Biru,42,4,11794.0,1018,5547,87,0.086
717578358,,Perempuan,4,Sarjana,Menikah,,Biru,40,5,8162.0,1704,4334,80,0.209
714387108,51.0,Laki-Laki,3,Sarjana,Belum Menikah,112109.0,Biru,43,4,10458.0,0,3481,51,0.0
709732608,41.0,Perempuan,3,Sarjana,Menikah,4704.0,Biru,36,4,3203.0,2366,4282,82,0.739
716974383,41.0,Laki-Laki,5,Sarjana,Belum Menikah,114841.0,Biru,28,3,2491.0,1979,1911,35,0.794
718819158,54.0,Perempuan,3,Tidak Berpendidikan,Belum Menikah,59053.0,Biru,41,3,2488.0,2196,4361,75,0.883
715090008,45.0,Laki-Laki,4,Sarjana,Belum Menikah,69101.0,Perak,36,2,28564.0,2517,14875,107,0.088
711606558,,Perempuan,1,SMA,Menikah,11982.0,Biru,39,5,1909.0,866,4697,83,0.454
708688608,62.0,Perempuan,1,SMA,Menikah,3490.0,Biru,48,5,3140.0,1985,1626,41,0.632
780689733,65.0,Laki-Laki,0,,Belum Menikah,,Biru,56,3,11332.0,633,2758,56,0.056
751227183,36.0,Laki-Laki,2,,Belum Menikah,104405.0,Biru,29,3,5346.0,1539,2283,51,0.288
713382558,,Perempuan,3,Kuliah,Belum Menikah,31693.0,Biru,42,1,2063.0,953,4304,81,0.462
820593033,43.0,Perempuan,2,Sarjana,Belum Menikah,51658.0,Perak,39,3,18524.0,1736,4496,64,0.094
720668358,59.0,Laki-Laki,0,Tidak Berpendidikan,Belum Menikah,53641.0,Biru,46,3,1648.0,997,1776,36,0.605
780416433,38.0,Laki-Laki,2,,Menikah,13381.0,Biru,25,4,8740.0,734,2169,38,0.084
710596983,,Laki-Laki,1,Tidak Berpendidikan,Belum Menikah,89317.0,Biru,37,1,27318.0,2416,7481,96,0.088
713405133,51.0,Laki-Laki,2,Kuliah,Menikah,131997.0,Biru,43,5,5232.0,1923,4976,93,0.368
712303908,47.0,Perempuan,4,Kuliah,Menikah,19781.0,Biru,38,3,2633.0,1924,3407,66,0.731
717136533,37.0,Perempuan,2,Tidak Berpendidikan,Belum Menikah,21554.0,Biru,26,4,2586.0,835,4883,73,0.323
806649333,47.0,Perempuan,4,SMA,,,Biru,42,3,16998.0,1404,13977,127,0.083
717914808,65.0,Laki-Laki,1,SMA,Belum Menikah,,Biru,36,4,4465.0,703,4044,66,0.157
708222558,37.0,Perempuan,2,Post-Graduate,Menikah,18089.0,Biru,36,6,2310.0,1513,4191,77,0.655
710439483,51.0,Perempuan,2,Sarjana,Belum Menikah,20797.0,Biru,39,3,2581.0,1722,4431,79,0.667
709327383,45.0,Perempuan,2,Sarjana,Menikah,,Biru,37,6,14470.0,1157,1207,21,0.08
718243533,48.0,Laki-Laki,3,Post-Graduate,Bercerai,68253.0,Biru,36,3,2648.0,0,3880,74,0.0
815072283,50.0,Perempuan,3,Sarjana,Menikah,28959.0,Biru,45,1,1789.0,1156,5110,75,0.646
826136283,38.0,Perempuan,3,SMA,Menikah,22342.0,Biru,34,3,2450.0,1981,4352,66,0.809
788675658,39.0,Perempuan,2,,Belum Menikah,5123.0,Biru,29,6,1923.0,845,1670,37,0.439
715360458,45.0,Perempuan,3,Sarjana,Bercerai,,Biru,36,2,12406.0,1980,8113,90,0.16
780378633,43.0,Laki-Laki,3,Kuliah,,62814.0,Biru,33,4,9382.0,1455,3412,71,0.155
802662858,,Perempuan,2,Sarjana,Bercerai,7458.0,Biru,49,5,3949.0,2024,3495,64,0.513
716474358,43.0,Perempuan,3,,Menikah,35163.0,Biru,35,5,1721.0,729,4853,74,0.424
715452408,37.0,Perempuan,2,Sarjana,Bercerai,10343.0,Biru,36,4,1734.0,987,4727,67,0.569
708163758,41.0,Laki-Laki,3,,Menikah,196920.0,Biru,33,2,34516.0,638,13085,139,0.018
787509408,26.0,Laki-Laki,0,Kuliah,Belum Menikah,,Biru,13,6,2347.0,0,2595,56,0.0
716323683,31.0,Laki-Laki,0,Sarjana,Menikah,90932.0,Biru,36,2,32791.0,1607,13177,106,0.049
719450508,53.0,Laki-Laki,2,SMA,Menikah,195277.0,Biru,41,4,7272.0,2037,2333,56,0.28
719587158,37.0,Laki-Laki,1,SMA,Belum Menikah,54747.0,Biru,25,3,2608.0,1799,2565,72,0.69
715488483,49.0,Perempuan,4,Sarjana,Menikah,39307.0,Biru,36,1,6615.0,0,4575,75,0.0
716068683,28.0,Laki-Laki,0,Tidak Berpendidikan,Bercerai,,Biru,36,3,16766.0,1535,3093,77,0.092
818767458,41.0,Laki-Laki,3,Sarjana,Menikah,188852.0,Biru,36,2,6565.0,1130,7729,97,0.172
714975633,51.0,Perempuan,2,SMA,Belum Menikah,,Biru,36,2,2319.0,1347,7558,85,0.581
719165508,48.0,Perempuan,3,Sarjana,Menikah,47909.0,Perak,40,5,18965.0,2262,3066,69,0.119
715432608,43.0,Laki-Laki,4,,Belum Menikah,68171.0,Biru,36,4,22322.0,953,1348,34,0.043
713708358,33.0,Perempuan,3,,Belum Menikah,58297.0,Perak,36,2,19594.0,971,12429,111,0.05
815510883,36.0,Laki-Laki,2,Post-Graduate,Belum Menikah,40748.0,Biru,31,3,11862.0,2282,2576,74,0.192
720450108,54.0,Laki-Laki,1,Sarjana,Menikah,53837.0,Biru,44,5,1438.3,0,1585,37,0.0
716673258,60.0,Perempuan,1,,Belum Menikah,10923.0,Biru,36,1,2347.0,1488,3977,83,0.634
716723658,37.0,Perempuan,2,Post-Graduate,Belum Menikah,39746.0,Biru,28,1,3525.0,1519,13625,110,0.431
717688233,34.0,Perempuan,4,SMA,Menikah,51494.0,Biru,28,6,2432.0,851,4760,69,0.35
755959683,50.0,Perempuan,5,,,,Biru,43,5,3410.0,2281,1296,31,0.669
709326183,50.0,Laki-Laki,2,SMA,Belum Menikah,71398.0,Biru,40,6,5180.0,1211,3447,74,0.234
803776533,46.0,Laki-Laki,2,Post-Graduate,Belum Menikah,63548.0,Biru,41,3,10077.0,0,2118,52,0.0
710840433,34.0,Laki-Laki,1,Kuliah,,58322.0,Biru,20,2,7452.0,1656,3339,51,0.222
714537258,48.0,Laki-Laki,3,Doktor,Menikah,72326.0,Biru,36,3,8876.0,1132,3779,78,0.128
718670808,59.0,Perempuan,0,Kuliah,Menikah,33757.0,Biru,51,6,1438.3,0,4817,81,0.0
807589908,47.0,Perempuan,5,,Menikah,23634.0,Biru,42,1,1778.0,822,4189,80,0.462
716487408,48.0,Laki-Laki,3,Sarjana,Menikah,58297.0,Biru,30,3,3235.0,2517,1637,43,0.778
711701058,48.0,Perempuan,4,Sarjana,Menikah,22370.0,Perak,36,2,10973.0,1466,4892,94,0.134
819160158,42.0,Laki-Laki,3,Tidak Berpendidikan,Menikah,55543.0,Biru,37,2,4960.0,1724,8218,88,0.348
796990908,35.0,Laki-Laki,3,Post-Graduate,Belum Menikah,105106.0,Perak,29,5,34516.0,1872,2227,61,0.054
711780108,,Perempuan,4,Doktor,Bercerai,22027.0,Biru,38,4,4120.0,1578,4792,81,0.383
719761458,55.0,Laki-Laki,4,Post-Graduate,Belum Menikah,61247.0,Biru,36,3,4998.0,1626,4329,61,0.325
709426608,56.0,Laki-Laki,1,Doktor,Menikah,61803.0,Biru,46,5,5248.0,1816,2305,45,0.346
791754258,49.0,Perempuan,5,Sarjana,Menikah,,Biru,43,4,2557.0,2351,4342,73,0.919
715480983,55.0,Perempuan,2,Kuliah,Belum Menikah,25724.0,Biru,36,5,5719.0,892,3403,68,0.156
708532308,37.0,Laki-Laki,2,Tidak Berpendidikan,Belum Menikah,62848.0,Biru,36,4,11419.0,2517,3000,70,0.22
716593533,56.0,Laki-Laki,1,SMA,Belum Menikah,97274.0,Biru,45,4,5070.0,0,3651,76,0.0
714120258,37.0,Laki-Laki,2,Tidak Berpendidikan,Bercerai,82228.0,Biru,36,3,2281.0,1677,2735,58,0.735
818942433,54.0,Perempuan,4,,Bercerai,29671.0,Biru,49,6,9376.0,1288,1562,33,0.137
720952608,44.0,Perempuan,2,SMA,Belum Menikah,13007.0,Biru,29,6,2288.0,1505,4396,68,0.658
716131083,47.0,Laki-Laki,2,Sarjana,Belum Menikah,49241.0,Biru,35,6,2676.0,2157,4640,69,0.806
712774008,59.0,Laki-Laki,0,Tidak Berpendidikan,Menikah,822.0,Biru,46,6,3939.0,2517,1489,34,0.639
767653233,48.0,Laki-Laki,3,Sarjana,Menikah,71264.0,Biru,42,6,6085.0,930,3154,59,0.153
779491908,47.0,Perempuan,4,Post-Graduate,,,Biru,29,5,8644.0,1391,4272,59,0.161
710016708,44.0,Perempuan,3,Sarjana,Menikah,36612.0,Perak,26,1,10877.0,1802,7974,90,0.166
712260633,47.0,Perempuan,5,Doktor,Belum Menikah,,Biru,36,4,26923.0,2461,13643,94,0.091
718133733,44.0,Perempuan,4,Post-Graduate,,10740.0,Biru,36,3,7317.0,1540,4100,76,0.21
789124683,54.0,Laki-Laki,2,,Menikah,93587.0,Biru,42,4,12217.0,0,1110,21,0.0
787557258,52.0,Perempuan,4,Sarjana,Menikah,,Biru,42,5,1816.0,0,4957,78,0.0
709957158,48.0,Laki-Laki,4,SMA,Menikah,41657.0,Biru,40,5,2514.0,2251,3942,65,0.895
715335558,43.0,Perempuan,5,Tidak Berpendidikan,Belum Menikah,16408.0,Biru,36,2,1855.0,907,4191,81,0.489
711351108,44.0,Perempuan,3,SMA,,17485.0,Biru,36,3,2608.0,1804,4671,61,0.692
714931458,52.0,Perempuan,2,Post-Graduate,Belum Menikah,,Biru,42,3,1438.3,0,4102,78,0.0
788630958,44.0,Laki-Laki,2,Tidak Berpendidikan,Belum Menikah,46958.0,Biru,28,3,11627.0,0,3264,67,0.0
715312158,41.0,Perempuan,2,Sarjana,Belum Menikah,25710.0,Biru,29,4,2670.0,2079,3895,59,0.779
713489358,52.0,Perempuan,2,Sarjana,Menikah,35017.0,Biru,40,2,3698.0,0,3763,82,0.0
780241758,59.0,Laki-Laki,1,SMA,Belum Menikah,77283.0,Biru,45,4,3943.0,2517,3527,59,0.638
717239133,52.0,Perempuan,1,Kuliah,Menikah,,Biru,40,5,10317.0,642,3939,60,0.062
717247383,48.0,Laki-Laki,4,Sarjana,Belum Menikah,57466.0,Biru,36,5,7514.0,0,4789,69,0.0
708128733,50.0,Perempuan,3,Post-Graduate,Belum Menikah,,Biru,36,5,1814.0,0,5014,99,0.0
717860358,40.0,Perempuan,3,SMA,Belum Menikah,43313.0,Biru,36,5,5124.0,2235,1158,42,0.436
708438033,36.0,Perempuan,2,,Menikah,17598.0,Biru,27,3,3049.0,2198,2617,48,0.721
788671608,45.0,Perempuan,4,Kuliah,Belum Menikah,44757.0,Emas,30,1,23051.0,1836,14393,107,0.08
715038033,61.0,Laki-Laki,1,Sarjana,Belum Menikah,2103.0,Biru,54,3,7169.0,629,8216,80,0.088
770781558,35.0,Perempuan,2,Sarjana,Menikah,431.0,Biru,21,5,3230.0,2517,1914,31,0.779
714002658,49.0,Laki-Laki,2,,Menikah,141553.0,Biru,34,5,27732.0,1623,1413,31,0.059
710780883,48.0,Perempuan,5,Tidak Berpendidikan,Belum Menikah,41052.0,Biru,38,1,2446.0,1461,4610,78,0.597
712394283,44.0,Perempuan,4,Sarjana,Bercerai,6199.0,Biru,30,4,1791.0,1314,5109,79,0.734
779224758,47.0,Perempuan,2,Doktor,Belum Menikah,23854.0,Biru,37,4,2168.0,1485,3828,86,0.685
827619933,48.0,Laki-Laki,2,Tidak Berpendidikan,Belum Menikah,45740.0,Biru,44,3,9673.0,0,3541,87,0.0
714888633,50.0,Laki-Laki,1,Sarjana,Menikah,98979.0,Biru,42,3,4051.0,1183,1837,57,0.292
711067383,53.0,Laki-Laki,1,,Belum Menikah,143930.0,Biru,45,6,10001.0,0,4167,74,0.0
719279208,35.0,Perempuan,1,,Menikah,3108.0,Biru,36,3,2158.0,1299,4946,73,0.602
811705233,45.0,Laki-Laki,2,,Belum Menikah,42067.0,Biru,40,6,7037.0,0,4099,71,0.0
713907633,43.0,Laki-Laki,3,Kuliah,,78367.0,Biru,36,2,5397.0,1265,7791,84,0.234
712452033,26.0,Laki-Laki,1,,Belum Menikah,39703.0,Biru,13,6,2479.0,828,2225,44,0.334
771230508,46.0,Perempuan,4,Kuliah,Menikah,59369.0,Biru,33,4,2423.0,429,4717,80,0.177
720626058,37.0,Laki-Laki,1,Sarjana,Belum Menikah,106225.0,Biru,24,4,34516.0,934,1768,52,0.027
756629133,61.0,Perempuan,1,Sarjana,Belum Menikah,13606.0,Biru,54,3,2721.0,0,2088,37,0.0
713301633,57.0,Perempuan,3,Doktor,Belum Menikah,,Biru,36,5,1678.0,1162,4402,87,0.692
709584483,33.0,Perempuan,3,Sarjana,Menikah,36637.0,Biru,25,4,3030.0,2517,1805,44,0.831
771556308,26.0,Perempuan,0,SMA,Belum Menikah,23158.0,Biru,13,6,3517.0,1195,2255,48,0.34
711289533,,Laki-Laki,4,Post-Graduate,Belum Menikah,99664.0,Biru,32,5,26710.0,1681,14043,117,0.063
810789708,38.0,Perempuan,1,Post-Graduate,Belum Menikah,22598.0,Biru,33,4,2256.0,0,4587,92,0.0
717596883,58.0,Perempuan,0,Sarjana,Belum Menikah,49390.0,Biru,39,4,5530.0,1233,5270,78,0.223
715404783,43.0,Perempuan,4,Sarjana,Menikah,7718.0,Biru,35,3,6448.0,1464,7546,88,0.227
779041983,41.0,Laki-Laki,5,SMA,Belum Menikah,50939.0,Biru,22,6,1438.3,0,4439,81,0.0
813890883,44.0,Perempuan,1,Tidak Berpendidikan,,24149.0,Biru,39,4,1555.0,0,3811,65,0.0
718246458,53.0,Laki-Laki,3,Sarjana,Belum Menikah,88776.0,Biru,45,2,24262.0,1984,8241,105,0.082
709518858,,Perempuan,2,Sarjana,Menikah,34492.0,Biru,38,1,2897.0,0,4891,87,0.0
718808883,55.0,Perempuan,2,Sarjana,Belum Menikah,11544.0,Perak,47,3,13565.0,0,3705,69,0.0
789270033,48.0,Laki-Laki,3,Sarjana,Belum Menikah,88335.0,Perak,37,3,34516.0,0,1122,13,0.0
708895158,46.0,Laki-Laki,2,,Menikah,82970.0,Biru,34,3,2925.0,2365,1371,30,0.809
713126733,56.0,Laki-Laki,3,Kuliah,Menikah,137175.0,Biru,43,6,17539.0,2517,1220,30,0.144
721045608,51.0,Perempuan,3,SMA,Menikah,13157.0,Biru,32,6,2943.0,2131,4554,75,0.724
714778833,49.0,Perempuan,3,Kuliah,Belum Menikah,,Biru,43,4,23032.0,1960,1289,22,0.085
713120433,55.0,Perempuan,2,SMA,Menikah,53649.0,Biru,42,2,5431.0,2007,4569,82,0.37
716791908,43.0,Laki-Laki,1,Kuliah,Menikah,97419.0,Biru,23,5,14566.0,1045,4480,77,0.072
713873658,45.0,Laki-Laki,4,SMA,Belum Menikah,153994.0,Biru,37,4,2701.0,1986,4767,76,0.735
713295183,48.0,Laki-Laki,2,Sarjana,Bercerai,96679.0,Biru,29,6,24446.0,1854,3897,75,0.076
714785508,49.0,Laki-Laki,2,SMA,Belum Menikah,96817.0,Perak,40,4,34516.0,1313,15154,99,0.038
711288558,45.0,Perempuan,3,Sarjana,Belum Menikah,21546.0,Biru,28,5,2035.0,1174,4670,77,0.577
713743158,47.0,Laki-Laki,1,Sarjana,Menikah,74654.0,Biru,36,4,19063.0,1714,1270,21,0.09
720682308,59.0,Perempuan,0,Tidak Berpendidikan,Belum Menikah,,Biru,46,5,5402.0,892,4770,83,0.165
719991783,40.0,Laki-Laki,2,SMA,Menikah,118109.0,Perak,36,5,34516.0,2183,3644,67,0.063
714421233,54.0,Perempuan,0,Sarjana,Menikah,20267.0,Biru,36,5,5399.0,1723,1292,34,0.319
710733183,46.0,Laki-Laki,3,Post-Graduate,,130751.0,Biru,36,6,1438.3,845,3631,67,0.587
717825033,50.0,Laki-Laki,0,,Bercerai,70125.0,Biru,36,3,5444.0,2499,4509,80,0.459
716288208,48.0,Laki-Laki,3,Sarjana,Belum Menikah,64069.0,Biru,36,2,15618.0,0,7549,77,0.0
773389908,37.0,Perempuan,3,SMA,Belum Menikah,36681.0,Biru,31,5,1438.3,0,2075,66,0.0
822138333,,Perempuan,0,Sarjana,Belum Menikah,42219.0,Biru,56,4,7118.0,813,3964,66,0.114
711934308,38.0,Laki-Laki,3,Sarjana,Belum Menikah,57033.0,Biru,19,5,1705.0,0,3342,62,0.0
779078733,55.0,Laki-Laki,2,Doktor,Menikah,64494.0,Biru,36,3,16427.0,1682,1579,36,0.102
719945433,60.0,Perempuan,1,Tidak Berpendidikan,Bercerai,40099.0,Biru,48,3,2070.0,0,1793,53,0.0
714969183,46.0,Perempuan,2,,Menikah,5562.0,Biru,36,2,3123.0,1639,4117,76,0.525
712789383,52.0,Laki-Laki,1,Sarjana,Menikah,170281.0,Biru,44,6,9274.0,2097,2048,59,0.226
718030083,59.0,Laki-Laki,1,Kuliah,Menikah,65388.0,Biru,36,4,7871.0,1687,1428,22,0.214
720734583,44.0,Perempuan,2,Post-Graduate,Menikah,12234.0,Biru,32,1,2540.0,1561,5039,82,0.615
713372583,42.0,Perempuan,4,SMA,Belum Menikah,33040.0,Biru,19,3,1438.3,0,3786,67,0.0
711145008,60.0,Perempuan,1,Sarjana,Menikah,41626.0,Biru,47,4,5015.0,2053,1325,29,0.409
719773158,42.0,Laki-Laki,3,Sarjana,Menikah,97296.0,Biru,36,1,29738.0,2370,14270,97,0.08
789925833,50.0,Perempuan,2,SMA,Menikah,,Biru,41,3,8159.0,2277,4402,64,0.279
719240358,60.0,Laki-Laki,1,,Belum Menikah,66384.0,Biru,50,4,10698.0,1790,4095,67,0.167
716815308,44.0,Perempuan,2,Tidak Berpendidikan,Menikah,9543.0,Biru,36,4,4396.0,1489,3942,69,0.339
713605908,49.0,Laki-Laki,3,Sarjana,Menikah,126331.0,Biru,37,1,34516.0,1316,3863,69,0.038
708776658,54.0,Laki-Laki,2,,Menikah,83586.0,Biru,43,6,5774.0,1519,4444,70,0.263
713972658,56.0,Perempuan,2,Sarjana,Menikah,,Biru,36,3,5335.0,996,1454,43,0.187
717139608,50.0,Perempuan,2,Kuliah,Bercerai,3952.0,Biru,36,3,3462.0,1817,4635,65,0.525
715540233,43.0,Laki-Laki,3,Sarjana,Belum Menikah,60530.0,Biru,34,6,20755.0,2276,4615,79,0.11
708822783,,Perempuan,2,SMA,Belum Menikah,37761.0,Biru,36,4,2973.0,2517,4862,77,0.847
790186458,45.0,Laki-Laki,3,Tidak Berpendidikan,Belum Menikah,98889.0,Biru,39,3,17996.0,864,1589,30,0.048
720849708,44.0,Laki-Laki,4,Sarjana,Belum Menikah,117744.0,Biru,37,3,14388.0,2517,7042,85,0.175
717602733,47.0,Laki-Laki,3,Doktor,Belum Menikah,12613.0,Biru,35,4,1842.0,0,4165,67,0.0
771653583,58.0,Laki-Laki,1,SMA,Menikah,79599.0,Biru,46,3,4188.0,1147,1276,25,0.274
712105533,32.0,Laki-Laki,2,SMA,Belum Menikah,56102.0,Biru,20,6,2235.0,1638,2905,56,0.733
713697933,,Laki-Laki,2,Tidak Berpendidikan,Belum Menikah,84294.0,Biru,36,3,34516.0,1264,7827,77,0.037
773082033,35.0,Laki-Laki,1,Post-Graduate,Menikah,103534.0,Biru,27,3,25516.0,1363,2317,38,0.053
712207683,38.0,Laki-Laki,0,,Bercerai,9989.0,Biru,36,3,5155.0,684,1555,37,0.133
780108408,52.0,Laki-Laki,2,Sarjana,Menikah,85733.0,Biru,37,1,34516.0,1369,7745,82,0.04
715628733,40.0,Perempuan,4,,Belum Menikah,34291.0,Biru,36,6,7587.0,0,3157,59,0.0
772220433,44.0,Laki-Laki,3,Kuliah,,65968.0,Biru,33,6,15468.0,1187,4484,81,0.077
709935708,55.0,Perempuan,1,,Menikah,40416.0,Biru,43,2,3391.0,1696,4291,77,0.5
715976433,42.0,Laki-Laki,3,SMA,,24223.0,Biru,31,4,7802.0,1885,4212,75,0.242
769433508,43.0,Laki-Laki,1,Kuliah,Belum Menikah,68713.0,Biru,37,6,2733.0,1819,933,25,0.666
720259308,39.0,Laki-Laki,3,SMA,Belum Menikah,97660.0,Biru,30,5,6347.0,569,3927,82,0.09
820639908,48.0,Perempuan,4,SMA,Menikah,,Biru,44,1,2625.0,2517,4378,81,0.959
711913833,37.0,Laki-Laki,3,Sarjana,Menikah,41745.0,Biru,36,4,8818.0,1437,1865,31,0.163
715356258,42.0,Perempuan,3,,Menikah,11906.0,Biru,36,4,2281.0,1548,4384,78,0.679
715857183,46.0,Laki-Laki,2,Kuliah,Belum Menikah,74519.0,Biru,36,3,4939.0,1296,2150,43,0.262
827628408,40.0,Laki-Laki,4,Sarjana,Menikah,113723.0,Biru,36,3,2165.0,1465,3672,64,0.677
719568333,39.0,Laki-Laki,3,,Belum Menikah,97732.0,Perak,36,5,34516.0,1900,1668,36,0.055
711706458,44.0,Laki-Laki,4,Doktor,Menikah,117826.0,Biru,27,1,24134.0,1290,13311,110,0.053
778239933,45.0,Perempuan,4,Sarjana,Menikah,,Biru,35,6,2801.0,2043,1241,46,0.729
721479108,52.0,Laki-Laki,1,Tidak Berpendidikan,Belum Menikah,158446.0,Biru,41,1,12764.0,0,3332,64,0.0
823507833,44.0,Laki-Laki,4,SMA,Belum Menikah,76613.0,Biru,40,4,14370.0,945,4510,79,0.066
713560758,54.0,Perempuan,1,Tidak Berpendidikan,Menikah,25842.0,Biru,42,2,3181.0,2087,13392,92,0.656
711877458,51.0,Perempuan,3,Kuliah,Menikah,18633.0,Biru,36,6,1936.0,0,4072,72,0.0
716762733,50.0,Perempuan,2,Doktor,Belum Menikah,2549.0,Biru,40,2,3449.0,1634,8300,94,0.474
821752908,53.0,Laki-Laki,2,SMA,Belum Menikah,76776.0,Biru,49,2,4142.0,2252,15078,117,0.544
719709558,48.0,Laki-Laki,3,Sarjana,Menikah,46906.0,Biru,33,3,6223.0,2126,4518,79,0.342
807349158,36.0,Laki-Laki,4,Doktor,Bercerai,128860.0,Biru,31,4,34516.0,1491,2243,60,0.043
708646233,44.0,Perempuan,1,,Bercerai,,Biru,36,3,17116.0,1289,3632,50,0.075
770783508,48.0,Laki-Laki,3,Sarjana,Bercerai,73134.0,Biru,34,6,11062.0,0,4084,72,0.0
758317233,,Perempuan,1,Kuliah,Belum Menikah,,Biru,28,4,3518.0,1575,2121,60,0.448
710157108,42.0,Perempuan,3,Sarjana,Belum Menikah,49865.0,Biru,33,6,3376.0,1661,4629,75,0.492
812443458,57.0,Laki-Laki,4,Sarjana,Belum Menikah,189197.0,Biru,52,2,25808.0,0,7794,94,0.0
711364233,41.0,Laki-Laki,4,,Menikah,72165.0,Platinum,26,1,34516.0,1559,8888,104,0.045
716288958,40.0,Laki-Laki,2,Kuliah,Menikah,85304.0,Biru,36,3,7840.0,0,4062,71,0.0
778550583,43.0,Perempuan,1,SMA,,58882.0,Biru,35,6,1766.0,0,4808,87,0.0
778936008,46.0,Perempuan,4,SMA,Menikah,,Biru,30,3,5869.0,0,5103,83,0.0
716128083,56.0,Laki-Laki,2,SMA,Menikah,41065.0,Biru,36,5,3295.0,2002,1191,34,0.608
818791833,42.0,Perempuan,3,Sarjana,Menikah,3640.0,Biru,37,4,2730.0,1303,4750,76,0.477
718366983,40.0,Laki-Laki,3,Sarjana,Menikah,94515.0,Biru,31,6,18584.0,2446,3504,64,0.132
711642108,30.0,Perempuan,1,Tidak Berpendidikan,Menikah,,Biru,13,5,4016.0,917,2572,35,0.228
712022883,37.0,Perempuan,2,SMA,Belum Menikah,46664.0,Biru,27,4,2204.0,919,4555,82,0.417
789012633,30.0,Perempuan,0,Sarjana,Belum Menikah,6816.0,Biru,17,3,4868.0,1090,2907,69,0.224
715759458,43.0,Laki-Laki,3,Sarjana,Belum Menikah,91101.0,Biru,31,6,12165.0,0,4066,74,0.0
822885033,31.0,Laki-Laki,1,SMA,Menikah,70119.0,Biru,24,2,4328.0,1493,14731,120,0.345
811111083,56.0,Laki-Laki,2,SMA,Menikah,79468.0,Biru,51,5,2863.0,2517,1458,39,0.879
808284783,62.0,Perempuan,1,,Menikah,34523.0,Biru,56,6,1438.3,0,1951,44,0.0
710741208,39.0,Laki-Laki,2,SMA,Belum Menikah,102702.0,Biru,36,4,5269.0,1475,2094,25,0.28
712575708,55.0,Perempuan,2,SMA,Menikah,8052.0,Biru,36,5,1994.0,1175,4455,82,0.589
780998133,43.0,Laki-Laki,3,Sarjana,Menikah,106904.0,Biru,34,3,10540.0,1489,1980,45,0.141
713610033,47.0,Laki-Laki,3,Post-Graduate,Belum Menikah,78848.0,Biru,36,5,5062.0,1996,1314,40,0.394
711699183,56.0,Laki-Laki,2,Tidak Berpendidikan,Bercerai,64290.0,Biru,50,4,7261.0,1079,3723,58,0.149
817686633,26.0,Perempuan,1,Kuliah,Belum Menikah,26132.0,Biru,15,5,1438.3,737,2856,39,0.512
798717783,51.0,Perempuan,2,,Belum Menikah,11658.0,Biru,45,3,3250.0,0,4752,84,0.0
709830783,47.0,Laki-Laki,5,,Belum Menikah,192116.0,Perak,36,5,34516.0,1686,4039,72,0.049
713998233,37.0,Perempuan,2,SMA,Belum Menikah,14533.0,Biru,36,6,3586.0,1414,2780,57,0.394
710643183,42.0,Perempuan,2,SMA,Belum Menikah,9316.0,Biru,23,2,3172.0,1160,4163,83,0.366
716079708,46.0,Perempuan,3,Kuliah,Belum Menikah,20136.0,Biru,36,5,2503.0,2373,4647,65,0.948
827049558,47.0,Laki-Laki,2,Sarjana,,105163.0,Biru,43,3,2158.0,1170,4421,89,0.542
789347133,38.0,Perempuan,2,Post-Graduate,Menikah,53223.0,Biru,28,2,4468.0,2395,4690,79,0.536
778155558,45.0,Laki-Laki,3,,Menikah,96538.0,Biru,38,3,23973.0,0,3560,71,0.0
710287533,31.0,Laki-Laki,2,Sarjana,Belum Menikah,41726.0,Biru,36,3,6269.0,1169,2221,57,0.186
712349808,44.0,Perempuan,4,Kuliah,Belum Menikah,,Biru,34,4,12310.0,670,4176,76,0.054
715657833,52.0,Perempuan,3,,Belum Menikah,35328.0,Biru,41,2,1438.3,787,4956,89,0.547
714449283,44.0,Laki-Laki,4,Tidak Berpendidikan,,110490.0,Biru,36,1,25428.0,1528,13360,97,0.06
796326483,42.0,Laki-Laki,3,SMA,Menikah,91268.0,Biru,36,5,1681.0,0,5416,82,0.0
708905733,45.0,Laki-Laki,5,Tidak Berpendidikan,Belum Menikah,62511.0,Biru,32,1,20633.0,1989,7570,91,0.096
774675933,40.0,Laki-Laki,3,Kuliah,Bercerai,87302.0,Perak,34,2,34516.0,2052,3510,62,0.059
810586833,38.0,Perempuan,3,Sarjana,Bercerai,,Biru,33,6,29638.0,857,3429,78,0.029
719528958,57.0,Perempuan,3,Kuliah,Belum Menikah,42019.0,Biru,36,3,8184.0,1508,4134,71,0.184
719420058,44.0,Laki-Laki,4,,Belum Menikah,95333.0,Biru,26,1,11782.0,2177,16605,110,0.185
717231558,49.0,Perempuan,4,Sarjana,Menikah,26999.0,Biru,43,2,3002.0,1446,4851,74,0.482
714130233,39.0,Laki-Laki,2,,Menikah,75440.0,Biru,19,3,3047.0,2150,1602,37,0.706
711494208,52.0,Laki-Laki,2,,Menikah,27519.0,Biru,36,3,2846.0,1606,5092,86,0.564
719521983,38.0,Laki-Laki,2,Tidak Berpendidikan,Menikah,41804.0,Biru,31,4,6116.0,1698,1592,32,0.278
716198358,33.0,Perempuan,4,Post-Graduate,Menikah,46085.0,Biru,36,4,2372.0,1887,1852,55,0.796
783070833,34.0,Perempuan,4,Sarjana,Belum Menikah,51825.0,Biru,28,5,2472.0,1899,4408,86,0.768
719692983,36.0,Laki-Laki,2,Doktor,Menikah,60404.0,Biru,30,3,4934.0,1504,2747,42,0.305
717179508,33.0,Perempuan,0,Sarjana,Belum Menikah,14879.0,Biru,26,6,2382.0,1565,4011,68,0.657
779765058,43.0,Laki-Laki,2,,Belum Menikah,57183.0,Biru,31,6,9662.0,817,3817,70,0.085
715168983,47.0,Perempuan,3,Sarjana,Menikah,24887.0,Biru,36,5,7051.0,0,1451,37,0.0
713854608,62.0,Laki-Laki,1,Tidak Berpendidikan,Menikah,66365.0,Biru,36,6,9521.0,1669,2444,63,0.175
719962458,44.0,Perempuan,2,Sarjana,,20283.0,Biru,34,3,2561.0,1491,4869,70,0.582
772569033,44.0,Laki-Laki,0,SMA,Bercerai,99779.0,Biru,34,5,5293.0,1236,4572,90,0.234
718163808,37.0,Laki-Laki,1,Sarjana,Belum Menikah,112474.0,Biru,24,6,11309.0,0,4809,71,0.0
711455133,55.0,Laki-Laki,3,Kuliah,Belum Menikah,158172.0,Biru,36,5,12948.0,1839,2481,42,0.142
721029858,52.0,Perempuan,3,Sarjana,Belum Menikah,34980.0,Biru,36,2,2166.0,1458,8215,109,0.673
713166333,38.0,Perempuan,2,SMA,Menikah,,Biru,27,5,14831.0,1302,4467,73,0.088
716181858,42.0,Perempuan,2,Tidak Berpendidikan,Menikah,55409.0,Biru,29,1,1622.0,0,4633,67,0.0
712851108,51.0,Perempuan,3,SMA,Menikah,,Biru,31,5,15340.0,2331,2965,51,0.152
809311758,40.0,Laki-Laki,3,,Belum Menikah,79940.0,Perak,35,6,25219.0,1503,4429,87,0.06
711792783,45.0,Perempuan,3,,Bercerai,47758.0,Biru,26,1,2032.0,1195,4479,80,0.588
709633533,31.0,Laki-Laki,2,Tidak Berpendidikan,Menikah,29868.0,Biru,18,3,1438.3,0,2789,50,0.0
708208758,53.0,Laki-Laki,1,Sarjana,Belum Menikah,93965.0,Biru,45,6,1826.0,883,2199,48,0.484
717084708,45.0,Perempuan,4,SMA,Menikah,19641.0,Biru,34,6,2484.0,1543,3802,68,0.621
711567333,43.0,Laki-Laki,1,SMA,Belum Menikah,67227.0,Biru,31,5,2834.0,1720,4581,70,0.607
719139558,,Laki-Laki,0,Tidak Berpendidikan,Belum Menikah,33281.0,Biru,36,4,2665.0,1567,2514,64,0.588
716432658,48.0,Perempuan,3,SMA,Menikah,33719.0,Biru,36,5,1438.3,0,4490,65,0.0
715065483,45.0,Perempuan,3,Sarjana,Bercerai,36612.0,Biru,36,4,8121.0,1595,1914,45,0.196
717212958,55.0,Laki-Laki,2,Doktor,Belum Menikah,103618.0,Biru,36,6,3046.0,2415,3153,57,0.793
752952108,37.0,Laki-Laki,4,Sarjana,Menikah,105217.0,Biru,26,6,2846.0,1818,1473,37,0.639
713307708,64.0,Perempuan,0,,Menikah,55248.0,Biru,55,6,2895.0,2517,1541,37,0.869
780633483,58.0,Perempuan,0,Sarjana,Menikah,54435.0,Biru,47,2,2194.0,1302,4962,81,0.593
718141983,49.0,Laki-Laki,0,SMA,Belum Menikah,114562.0,Biru,43,6,1883.0,1295,5187,89,0.688
808891983,42.0,Perempuan,5,Sarjana,,21906.0,Biru,37,2,6250.0,1835,4042,60,0.294
711313158,,Perempuan,4,,Belum Menikah,,Biru,44,5,10721.0,0,4962,74,0.0
714828708,46.0,Laki-Laki,0,SMA,Bercerai,114347.0,Biru,36,3,16099.0,0,3656,88,0.0
717322833,55.0,Laki-Laki,2,,Belum Menikah,110474.0,Biru,36,5,10604.0,1988,1578,30,0.187
712654233,39.0,Laki-Laki,3,SMA,Menikah,102728.0,Biru,27,1,19150.0,1093,8327,85,0.057
717316008,38.0,Laki-Laki,2,,Menikah,197472.0,Biru,36,6,3782.0,0,14977,117,0.0
771749733,41.0,Laki-Laki,2,Sarjana,Belum Menikah,47525.0,Perak,30,5,17706.0,1081,3680,81,0.061
714528258,46.0,Laki-Laki,2,Sarjana,Bercerai,63742.0,Biru,39,3,3299.0,870,4904,75,0.264
721304133,36.0,Perempuan,4,SMA,Menikah,18038.0,Biru,36,4,4277.0,1578,1855,49,0.369
806637558,58.0,Laki-Laki,1,SMA,Menikah,74526.0,Biru,53,5,1438.3,0,1539,40,0.0
709700058,52.0,Perempuan,2,Sarjana,Belum Menikah,44184.0,Biru,33,5,6081.0,989,4451,70,0.163
711285633,33.0,Perempuan,0,,Belum Menikah,,Biru,36,6,2735.0,1769,3306,71,0.647
709332408,44.0,Perempuan,1,SMA,Belum Menikah,9959.0,Biru,36,3,6159.0,1640,13517,106,0.266
811898133,40.0,Perempuan,3,SMA,Bercerai,10894.0,Biru,35,3,2555.0,2117,1334,32,0.829
721004133,38.0,Perempuan,2,Sarjana,Belum Menikah,9812.0,Biru,25,6,1438.3,538,4093,73,0.374
788407833,49.0,Perempuan,4,Sarjana,Belum Menikah,,Biru,42,5,16424.0,1368,4025,79,0.083
788779983,58.0,Laki-Laki,2,Post-Graduate,Menikah,112999.0,Biru,39,4,3742.0,2517,16401,121,0.673
818007783,49.0,Perempuan,3,Kuliah,Menikah,58320.0,Biru,44,6,2578.0,1590,4683,89,0.617
789678483,50.0,Perempuan,2,SMA,Menikah,8683.0,Perak,37,1,13384.0,0,4773,77,0.0
779090883,42.0,Perempuan,2,,,9405.0,Biru,23,6,2483.0,1297,3478,64,0.522
715367058,43.0,Laki-Laki,3,Kuliah,,78684.0,Biru,37,5,19044.0,0,1780,44,0.0
716530533,43.0,Perempuan,2,Tidak Berpendidikan,Belum Menikah,33618.0,Biru,36,3,2573.0,1640,4094,77,0.637
708252108,64.0,Laki-Laki,0,Kuliah,Belum Menikah,47106.0,Biru,53,6,7362.0,1907,4065,65,0.259
789099783,43.0,Perempuan,2,,Menikah,32372.0,Biru,31,6,2069.0,839,4117,70,0.406
804658833,53.0,Perempuan,3,,Menikah,22330.0,Biru,48,5,1657.0,0,4068,73,0.0
718469658,37.0,Perempuan,2,Tidak Berpendidikan,Menikah,,Biru,22,4,7927.0,996,4094,85,0.126
710416533,58.0,Perempuan,3,,Belum Menikah,52905.0,Biru,52,4,1454.0,888,3060,56,0.611
720126033,42.0,Laki-Laki,4,SMA,Belum Menikah,108560.0,Biru,28,3,1944.0,1804,4682,90,0.928
711405333,52.0,Laki-Laki,3,Post-Graduate,Menikah,115236.0,Biru,43,5,6849.0,2126,1651,43,0.31
713195808,37.0,Perempuan,3,SMA,Menikah,,Biru,36,6,11948.0,1281,2792,51,0.107
711345258,52.0,Perempuan,2,SMA,Menikah,43492.0,Biru,44,3,5731.0,0,4751,85,0.0
715412583,51.0,Laki-Laki,3,Post-Graduate,Menikah,55681.0,Biru,36,6,7925.0,1445,3815,65,0.182
769962933,40.0,Perempuan,3,Sarjana,Belum Menikah,3438.0,Biru,34,4,6728.0,1192,5244,75,0.177
778880358,49.0,Perempuan,4,Sarjana,Bercerai,49773.0,Biru,30,1,2485.0,1648,4208,71,0.663
779349783,,Laki-Laki,3,Doktor,Menikah,63137.0,Biru,31,2,21161.0,1198,13119,104,0.057
740065833,47.0,Perempuan,3,Sarjana,Belum Menikah,34048.0,Perak,40,1,11128.0,2517,8526,93,0.226
771304383,45.0,Perempuan,3,SMA,Menikah,35816.0,Biru,33,1,4174.0,2507,7905,86,0.601
769095558,,Laki-Laki,1,Doktor,Belum Menikah,66512.0,Biru,53,3,9055.0,1560,1755,45,0.172
720169383,52.0,Perempuan,2,Kuliah,Menikah,49122.0,Biru,41,3,3224.0,2111,3707,74,0.655
710423358,35.0,Perempuan,1,Kuliah,,,Biru,29,4,1438.3,966,5249,81,0.672
767523933,53.0,Laki-Laki,3,SMA,Belum Menikah,64931.0,Biru,45,4,15583.0,0,3938,69,0.0
715588908,42.0,Perempuan,4,Sarjana,Belum Menikah,20035.0,Biru,32,3,6158.0,0,3132,66,0.0
767093133,52.0,Perempuan,2,,Menikah,,Biru,45,2,3192.0,0,4191,80,0.0
751350558,57.0,Perempuan,1,SMA,Menikah,32254.0,Biru,50,3,1609.0,0,4770,85,0.0
714290583,44.0,Laki-Laki,4,Post-Graduate,Menikah,67725.0,Biru,36,3,3117.0,1400,4391,85,0.449
708281433,57.0,Perempuan,2,Sarjana,Menikah,24929.0,Biru,36,5,1438.3,0,3848,75,0.0
806694333,44.0,Perempuan,4,,Menikah,23482.0,Biru,39,1,2771.0,1779,8268,73,0.642
712503408,57.0,Laki-Laki,2,Sarjana,Menikah,80505.0,Biru,40,6,17925.0,1909,17498,111,0.106
714707133,47.0,Perempuan,3,Tidak Berpendidikan,Menikah,18048.0,Biru,36,5,1438.3,0,4443,86,0.0
821157183,42.0,Perempuan,5,,Menikah,30364.0,Biru,37,5,2541.0,1398,4698,88,0.55
719621958,43.0,Laki-Laki,3,Sarjana,,72491.0,Biru,28,3,4365.0,0,1720,40,0.0
779597133,55.0,Laki-Laki,1,Sarjana,Belum Menikah,118858.0,Biru,44,4,2663.0,1784,4317,81,0.67
767958933,40.0,Laki-Laki,4,Kuliah,Menikah,44258.0,Perak,34,3,15471.0,1291,3993,77,0.083
716680983,41.0,Perempuan,3,Doktor,Menikah,36966.0,Biru,36,3,1956.0,1053,4924,70,0.538
772111083,50.0,Laki-Laki,1,SMA,Menikah,83409.0,Biru,39,3,5384.0,1396,4338,75,0.259
719184783,51.0,Perempuan,1,Sarjana,Belum Menikah,,Biru,41,3,9352.0,1429,3536,71,0.153
779658408,48.0,Laki-Laki,2,Sarjana,Belum Menikah,56014.0,Biru,31,6,3261.0,1730,4242,65,0.531
772669833,43.0,Laki-Laki,3,Post-Graduate,Belum Menikah,69126.0,Biru,33,4,16037.0,0,3048,70,0.0
758802333,40.0,Laki-Laki,2,Sarjana,Belum Menikah,185734.0,Biru,33,3,20891.0,1213,14641,117,0.058
711963183,50.0,Laki-Laki,3,Tidak Berpendidikan,Menikah,13933.0,Biru,36,2,5128.0,0,7588,98,0.0
719999508,37.0,Laki-Laki,3,,Menikah,72997.0,Biru,24,3,11894.0,816,2438,45,0.069
716685033,38.0,Perempuan,1,SMA,Menikah,48266.0,Biru,19,1,5559.0,1600,5344,82,0.288
813952233,44.0,Laki-Laki,3,Sarjana,,14864.0,Biru,39,5,2978.0,2134,1413,46,0.717
809071083,60.0,Perempuan,1,Sarjana,Belum Menikah,9232.0,Biru,55,4,2346.0,2150,4592,90,0.916
713542908,,Laki-Laki,2,Sarjana,Belum Menikah,39724.0,Biru,19,1,5871.0,1829,15645,117,0.312
758086458,46.0,Perempuan,3,Sarjana,Menikah,,Biru,39,3,1438.3,0,4111,62,0.0
768457008,27.0,Laki-Laki,1,Sarjana,Belum Menikah,48988.0,Biru,21,2,10284.0,787,13355,92,0.077
720871383,36.0,Laki-Laki,2,Sarjana,Menikah,81221.0,Biru,28,5,5634.0,1996,2366,49,0.354
713747733,55.0,Laki-Laki,2,SMA,Menikah,41368.0,Biru,47,5,3096.0,2217,2011,41,0.716
771214083,45.0,Laki-Laki,2,SMA,,66978.0,Biru,32,1,1870.0,0,4891,65,0.0
714510483,44.0,Laki-Laki,3,Sarjana,Belum Menikah,93880.0,Emas,36,2,34516.0,2517,7640,87,0.073
711498258,54.0,Laki-Laki,3,SMA,Menikah,135683.0,Biru,42,6,20311.0,1655,1266,34,0.081
790221633,44.0,Perempuan,4,Sarjana,Belum Menikah,47119.0,Biru,38,3,3897.0,2296,4627,77,0.589
790023408,,Perempuan,3,,Belum Menikah,648.0,Biru,39,6,2915.0,2422,4037,83,0.831
768460908,59.0,Laki-Laki,1,Sarjana,Belum Menikah,56718.0,Biru,53,3,6035.0,1392,1551,32,0.231
718882008,38.0,Laki-Laki,1,SMA,Belum Menikah,163620.0,Biru,27,6,22487.0,889,4960,73,0.04
709436883,56.0,Perempuan,2,Tidak Berpendidikan,Belum Menikah,56701.0,Biru,48,6,2941.0,1619,5000,87,0.55
823863033,,Laki-Laki,2,,Menikah,107239.0,Perak,48,6,34516.0,1473,4254,73,0.043
719651358,46.0,Perempuan,4,Tidak Berpendidikan,Belum Menikah,,Biru,33,3,24949.0,1749,4092,77,0.07
713490483,61.0,Laki-Laki,0,Tidak Berpendidikan,Belum Menikah,87199.0,Biru,48,6,21740.0,0,1755,54,0.0
772409733,39.0,Perempuan,3,SMA,Bercerai,59859.0,Biru,28,4,3400.0,2307,4742,90,0.679
787504158,36.0,Perempuan,0,,Menikah,27567.0,Biru,24,4,2570.0,2230,1755,42,0.868
713974533,52.0,Perempuan,3,Post-Graduate,Belum Menikah,20359.0,Biru,45,5,2555.0,1701,3127,45,0.666
715971108,51.0,Laki-Laki,4,Sarjana,Belum Menikah,199010.0,Biru,42,3,34516.0,1763,1550,41,0.051
788960658,42.0,Perempuan,2,Tidak Berpendidikan,Menikah,31368.0,Biru,28,1,2573.0,1742,4649,88,0.677
715585158,58.0,Laki-Laki,1,Sarjana,Menikah,74448.0,Biru,46,3,10021.0,1617,1275,25,0.161
709635858,56.0,Perempuan,3,Sarjana,Menikah,21074.0,Biru,45,6,2235.0,0,1229,27,0.0
713986908,50.0,Perempuan,2,SMA,Menikah,,Biru,40,2,10748.0,1084,16541,126,0.101
709159308,42.0,Perempuan,4,SMA,Belum Menikah,4403.0,Biru,30,3,6172.0,1212,16622,99,0.196
712762758,46.0,Laki-Laki,2,Sarjana,Menikah,74513.0,Biru,34,4,9451.0,1280,3179,79,0.135
709077933,,Perempuan,0,SMA,Menikah,24885.0,Biru,18,5,5422.0,682,4460,62,0.126
719904333,29.0,Laki-Laki,0,Sarjana,Menikah,43015.0,Biru,36,3,1459.0,590,2229,52,0.404
713095533,44.0,Perempuan,4,SMA,Bercerai,10766.0,Biru,36,5,2333.0,1485,1198,31,0.637
717998058,26.0,Laki-Laki,0,Sarjana,Belum Menikah,29473.0,Biru,13,6,2585.0,2019,2644,40,0.781
765055833,56.0,Laki-Laki,4,,Menikah,103493.0,Biru,49,3,4310.0,2229,1645,33,0.517
798788958,32.0,Laki-Laki,1,SMA,Belum Menikah,84432.0,Biru,26,2,6407.0,1130,14471,93,0.176
716548083,39.0,Laki-Laki,4,Sarjana,Menikah,34502.0,Biru,32,4,2973.0,2360,2593,57,0.794
719035758,53.0,Perempuan,3,Tidak Berpendidikan,Bercerai,13273.0,Biru,43,5,2383.0,1516,4917,78,0.636
822056583,44.0,Perempuan,4,Sarjana,Belum Menikah,44936.0,Biru,40,6,1572.0,874,4996,80,0.556
771942333,65.0,Laki-Laki,1,Kuliah,Belum Menikah,32666.0,Biru,54,5,5363.0,1309,3855,63,0.244
715351983,32.0,Perempuan,2,,Menikah,28384.0,Biru,20,1,9761.0,1470,14334,97,0.151
809363958,49.0,Perempuan,3,SMA,Menikah,47300.0,Biru,44,5,3881.0,0,4177,66,0.0
717569283,47.0,Laki-Laki,5,Doktor,Belum Menikah,35493.0,Biru,36,3,8896.0,1338,4252,70,0.15
789170283,53.0,Laki-Laki,1,Sarjana,,90647.0,Biru,42,5,6514.0,978,3084,63,0.15
711885258,47.0,Perempuan,4,SMA,Menikah,6888.0,Biru,31,5,7711.0,988,2078,42,0.128
787454133,40.0,Laki-Laki,2,,Bercerai,152859.0,Biru,26,3,1438.3,0,4776,82,0.0
816528333,64.0,Perempuan,0,SMA,Belum Menikah,25817.0,Biru,56,6,2609.0,1115,4546,59,0.427
794217108,43.0,Laki-Laki,2,Kuliah,Belum Menikah,153960.0,Biru,37,6,14315.0,1348,3694,67,0.094
710070183,53.0,Perempuan,1,SMA,Belum Menikah,9552.0,Biru,36,3,2615.0,1772,1419,38,0.678
770926158,51.0,Perempuan,0,Doktor,Belum Menikah,19076.0,Biru,38,2,4132.0,2517,13820,129,0.609
712228458,50.0,Laki-Laki,2,,,186303.0,Biru,32,2,25645.0,1083,4302,63,0.042
779401233,47.0,Perempuan,4,Tidak Berpendidikan,Belum Menikah,58194.0,Biru,36,1,1438.3,0,5216,78,0.0
716041908,54.0,Perempuan,1,SMA,Belum Menikah,35995.0,Biru,43,5,2082.0,805,4383,75,0.387
788767983,43.0,Laki-Laki,5,,Belum Menikah,63610.0,Biru,24,3,4556.0,0,4273,82,0.0
721379433,44.0,Laki-Laki,4,Sarjana,Menikah,66681.0,Biru,28,6,11338.0,0,1227,24,0.0
751381458,43.0,Perempuan,3,Kuliah,Menikah,,Biru,36,3,27175.0,775,3814,72,0.029
710914158,45.0,Perempuan,4,Kuliah,Menikah,3202.0,Biru,36,5,3349.0,2517,4405,55,0.752
708672708,49.0,Laki-Laki,4,SMA,,111126.0,Biru,31,2,34516.0,2517,3990,65,0.073
779367858,39.0,Laki-Laki,4,SMA,Menikah,66306.0,Biru,28,5,6224.0,1898,3014,58,0.305
813764283,39.0,Laki-Laki,3,SMA,Menikah,100234.0,Biru,34,2,17978.0,1820,15657,114,0.101
710783358,46.0,Laki-Laki,3,SMA,,92973.0,Biru,35,5,2570.0,1764,4442,85,0.686
788728608,34.0,Laki-Laki,0,SMA,Menikah,47389.0,Biru,13,3,3870.0,1394,1588,36,0.36
716452908,36.0,Perempuan,1,,Belum Menikah,2630.0,Biru,36,4,9239.0,1421,2246,44,0.154
789627258,31.0,Laki-Laki,1,Sarjana,Belum Menikah,47336.0,Biru,25,5,1935.0,1033,2498,60,0.534
719323683,47.0,Perempuan,3,Tidak Berpendidikan,Belum Menikah,40583.0,Biru,35,6,4543.0,1028,4093,77,0.226
718016808,62.0,Perempuan,0,,Menikah,35417.0,Biru,55,3,2064.0,1282,1475,27,0.621
719524383,35.0,Perempuan,3,Sarjana,Belum Menikah,56329.0,Biru,22,3,2441.0,1670,4105,73,0.684
720430083,65.0,Laki-Laki,0,SMA,,4647.0,Biru,36,3,2107.0,1008,3913,67,0.478
789296133,35.0,Perempuan,3,Doktor,Belum Menikah,,Biru,24,1,12287.0,770,4601,65,0.063
779557533,54.0,Laki-Laki,1,Post-Graduate,Belum Menikah,90505.0,Biru,40,6,10260.0,942,1566,50,0.092
712271958,37.0,Laki-Laki,3,Tidak Berpendidikan,,106172.0,Biru,36,4,9782.0,1793,3672,75,0.183
715968858,28.0,Laki-Laki,0,Post-Graduate,Menikah,,Biru,13,4,2608.0,1630,1822,33,0.625
779506158,39.0,Perempuan,1,Kuliah,Menikah,26645.0,Biru,22,3,3214.0,2257,2516,42,0.702
713499408,49.0,Laki-Laki,1,,Menikah,28139.0,Biru,35,5,1438.3,0,4109,71,0.0
708292833,,Laki-Laki,2,SMA,Belum Menikah,137128.0,Biru,36,4,27389.0,1250,2754,60,0.046
788528958,45.0,Laki-Laki,4,Sarjana,Belum Menikah,125835.0,Biru,38,1,9036.0,0,8356,79,0.0
714315858,56.0,Perempuan,3,SMA,Menikah,37476.0,Biru,37,6,4008.0,1650,5429,71,0.412
801363633,60.0,Perempuan,2,Sarjana,Menikah,,Biru,54,1,3356.0,1664,5200,81,0.496
708623283,35.0,Laki-Laki,2,Tidak Berpendidikan,Belum Menikah,69868.0,Biru,16,6,18278.0,0,2084,61,0.0
801502008,37.0,Laki-Laki,1,Sarjana,Menikah,70976.0,Biru,31,5,20144.0,1195,14287,106,0.059
715253433,48.0,Laki-Laki,4,,Belum Menikah,110834.0,Biru,38,5,5543.0,1372,5266,79,0.248
718756533,47.0,Laki-Laki,2,Tidak Berpendidikan,Menikah,81572.0,Biru,41,1,13356.0,1497,8963,105,0.112
709690158,52.0,Perempuan,4,Sarjana,Menikah,30195.0,Biru,36,6,4592.0,2517,1470,33,0.548
709166883,39.0,Perempuan,3,Tidak Berpendidikan,Belum Menikah,,Biru,27,6,5363.0,0,4121,78,0.0
719518308,48.0,Laki-Laki,2,,,86910.0,Biru,35,5,5039.0,0,1390,23,0.0
780897858,38.0,Perempuan,2,SMA,Belum Menikah,2869.0,Biru,20,4,2420.0,676,3770,76,0.279
760807608,48.0,Perempuan,4,Tidak Berpendidikan,Menikah,582.0,Biru,41,5,2340.0,1680,4751,83,0.718
735825258,39.0,Laki-Laki,2,SMA,Belum Menikah,16411.0,Biru,32,4,4423.0,1643,15467,112,0.371
766285608,42.0,Laki-Laki,3,SMA,Belum Menikah,41634.0,Biru,35,4,3266.0,1900,2183,56,0.582
780376683,57.0,Laki-Laki,1,Sarjana,Menikah,86794.0,Biru,47,5,14612.0,1976,1827,24,0.135
789968058,51.0,Laki-Laki,1,,Belum Menikah,162368.0,Biru,42,6,9036.0,2327,1131,18,0.258
712283808,50.0,Perempuan,3,SMA,Menikah,33697.0,Perak,40,5,10062.0,1149,1964,44,0.114
718460958,49.0,Perempuan,2,Kuliah,Menikah,5824.0,Biru,35,3,3283.0,1856,4498,64,0.565
715365183,51.0,Perempuan,1,Kuliah,Menikah,1727.0,Biru,42,4,2431.0,0,3323,65,0.0
718174908,53.0,Perempuan,3,Tidak Berpendidikan,Menikah,2997.0,Biru,36,4,4224.0,2417,1458,29,0.572
771844458,40.0,Perempuan,3,Sarjana,Menikah,,Biru,28,6,20420.0,1657,1804,41,0.081
711070683,48.0,Perempuan,3,Post-Graduate,Menikah,50500.0,Biru,37,4,6725.0,493,13891,106,0.073
710630583,47.0,Laki-Laki,3,SMA,Belum Menikah,64146.0,Biru,39,2,2843.0,1752,3738,77,0.616
716037708,50.0,Laki-Laki,0,Tidak Berpendidikan,Bercerai,77394.0,Biru,39,6,9474.0,1021,3240,54,0.108
709364433,36.0,Perempuan,3,SMA,Menikah,,Biru,30,6,3399.0,2173,1571,34,0.639
714586458,41.0,Perempuan,1,SMA,Bercerai,23046.0,Biru,36,2,7106.0,2031,16377,124,0.286
720414558,56.0,Perempuan,2,,Menikah,15497.0,Biru,36,6,1971.0,922,4827,84,0.468
717237708,54.0,Laki-Laki,2,Post-Graduate,Belum Menikah,74925.0,Biru,38,3,14265.0,1878,3982,58,0.132
808732458,48.0,Laki-Laki,3,,Menikah,190606.0,Biru,43,5,6626.0,1558,2838,49,0.235
717280158,49.0,Laki-Laki,3,Sarjana,Menikah,10756.0,Biru,36,3,2976.0,1817,3332,60,0.611
715321983,33.0,Perempuan,2,Doktor,Menikah,43165.0,Biru,36,4,2748.0,1867,4314,75,0.679
712203333,51.0,Laki-Laki,3,Sarjana,Menikah,97478.0,Biru,39,1,7088.0,1750,4691,76,0.247
713023158,39.0,Perempuan,2,Kuliah,Menikah,49676.0,Biru,31,3,2901.0,2143,4239,78,0.739
805461783,47.0,Perempuan,3,Sarjana,Bercerai,37042.0,Biru,42,3,1438.3,0,4735,87,0.0
720152058,42.0,Perempuan,1,Doktor,Belum Menikah,25177.0,Biru,35,5,2725.0,2444,4965,85,0.897
720852108,46.0,Laki-Laki,4,SMA,Bercerai,124966.0,Biru,31,2,3569.0,1553,16695,116,0.435
822984108,,Perempuan,4,SMA,Belum Menikah,21457.0,Biru,30,4,3046.0,2279,2330,69,0.748
714103083,47.0,Laki-Laki,2,Kuliah,Menikah,48372.0,Biru,37,6,3263.0,1525,14649,110,0.467
709531908,53.0,Laki-Laki,3,SMA,Menikah,75649.0,Biru,47,5,1438.3,0,2184,53,0.0
789076083,50.0,Perempuan,3,SMA,Belum Menikah,26599.0,Biru,38,6,2775.0,1475,4608,84,0.532
757863258,45.0,Perempuan,4,Sarjana,,1909.0,Biru,38,2,2396.0,887,7480,84,0.37
788974608,48.0,Laki-Laki,3,Sarjana,,62105.0,Biru,35,5,2829.0,2342,1561,41,0.828
717613233,45.0,Laki-Laki,4,Tidak Berpendidikan,Menikah,64985.0,Perak,33,5,25907.0,745,2058,56,0.029
789525408,50.0,Perempuan,0,Tidak Berpendidikan,Menikah,29561.0,Biru,42,3,3749.0,1594,7990,89,0.425
813915933,45.0,Laki-Laki,2,Sarjana,Bercerai,55210.0,Biru,40,3,2259.0,954,1393,35,0.422
819189108,63.0,Laki-Laki,0,Kuliah,Belum Menikah,94371.0,Biru,56,6,9033.0,0,4456,85,0.0
720282558,36.0,Laki-Laki,2,Sarjana,Belum Menikah,109283.0,Perak,27,5,34516.0,1568,2873,73,0.045
713380308,42.0,Perempuan,4,Tidak Berpendidikan,Belum Menikah,29315.0,Biru,36,6,1734.0,0,4092,76,0.0
712645908,43.0,Laki-Laki,2,SMA,Menikah,74098.0,Biru,37,1,2600.0,2047,8804,111,0.787
715190283,57.0,Perempuan,1,Sarjana,,54713.0,Biru,49,3,3672.0,886,1464,28,0.241
715829358,33.0,Perempuan,4,Kuliah,Menikah,43589.0,Biru,26,1,2874.0,2517,4794,88,0.876
713362158,50.0,Laki-Laki,3,,Belum Menikah,193245.0,Biru,33,4,17087.0,0,3519,70,0.0
714951858,44.0,Perempuan,2,Sarjana,Menikah,29549.0,Biru,36,5,4473.0,0,4047,56,0.0
713375658,37.0,Laki-Laki,2,Sarjana,Bercerai,44596.0,Biru,17,6,3176.0,0,2298,67,0.0
775198608,38.0,Perempuan,2,Sarjana,Menikah,32565.0,Biru,32,5,4429.0,0,1970,40,0.0
719799033,52.0,Laki-Laki,1,Post-Graduate,,96897.0,Biru,40,2,5520.0,2448,14330,116,0.443
759947433,53.0,Laki-Laki,3,Sarjana,Menikah,176799.0,Biru,46,1,13670.0,0,4812,81,0.0
712653183,49.0,Perempuan,4,,Belum Menikah,38646.0,Biru,36,4,1976.0,1694,3675,81,0.857
719688408,45.0,Laki-Laki,3,Sarjana,Menikah,114897.0,Perak,36,6,34516.0,0,3530,68,0.0
801048483,34.0,Laki-Laki,3,Tidak Berpendidikan,Bercerai,132664.0,Biru,28,4,9180.0,1814,2646,49,0.198
779998083,33.0,Laki-Laki,3,SMA,Menikah,42743.0,Biru,23,1,6392.0,1429,4069,66,0.224
779155158,53.0,Laki-Laki,3,Sarjana,Menikah,145807.0,Biru,34,6,2940.0,1264,1259,33,0.43
789833583,57.0,Perempuan,4,SMA,Menikah,57577.0,Biru,47,5,6803.0,1332,1476,30,0.196
714256758,50.0,Laki-Laki,2,,Belum Menikah,75230.0,Biru,36,3,8074.0,0,4347,66,0.0
714373308,53.0,Perempuan,1,Sarjana,Belum Menikah,35565.0,Biru,46,6,2266.0,0,3634,66,0.0
713438358,41.0,Perempuan,4,Sarjana,Menikah,,Biru,30,3,5417.0,1904,1768,56,0.351
714648933,55.0,Perempuan,3,Sarjana,Menikah,,Biru,36,3,4861.0,1123,1556,40,0.231
818923158,55.0,Laki-Laki,2,Sarjana,Menikah,68639.0,Biru,50,5,2145.0,1207,1275,31,0.563
827318958,49.0,Perempuan,4,,Belum Menikah,5161.0,Biru,45,5,9431.0,1785,14261,99,0.189
713348433,42.0,Perempuan,3,SMA,Belum Menikah,50456.0,Biru,29,6,1545.0,751,4477,62,0.486
717547383,43.0,Perempuan,2,Sarjana,Menikah,24778.0,Biru,32,2,2890.0,1392,4233,77,0.482
718346658,50.0,Perempuan,2,Sarjana,Menikah,10776.0,Biru,37,3,1963.0,1357,1861,51,0.691
715814433,44.0,Laki-Laki,4,,Belum Menikah,108350.0,Biru,36,6,5877.0,1160,3565,83,0.197
713732883,38.0,Perempuan,0,Tidak Berpendidikan,Belum Menikah,15442.0,Biru,36,4,1679.0,0,4771,81,0.0
778939683,47.0,Perempuan,3,Tidak Berpendidikan,Menikah,24757.0,Biru,32,4,2821.0,951,1452,38,0.337
717591483,52.0,Perempuan,3,Sarjana,Belum Menikah,37279.0,Biru,44,4,3416.0,2044,1924,48,0.598
712069008,42.0,Perempuan,4,Tidak Berpendidikan,Menikah,39867.0,Biru,23,4,2260.0,1007,1614,33,0.446
709265208,47.0,Perempuan,4,Sarjana,Belum Menikah,8208.0,Biru,37,4,1438.3,780,4422,59,0.542
717229158,36.0,Perempuan,4,Sarjana,Menikah,49698.0,Biru,36,6,1628.0,969,1893,15,0.595
715352883,49.0,Perempuan,2,Post-Graduate,Belum Menikah,,Biru,36,3,24904.0,0,5176,71,0.0
719888358,47.0,Laki-Laki,1,,Bercerai,101712.0,Biru,38,5,18432.0,1422,2748,58,0.077
789823383,44.0,Perempuan,3,,Belum Menikah,24478.0,Biru,34,3,2786.0,1635,4532,82,0.587
719283633,57.0,Perempuan,3,Tidak Berpendidikan,Menikah,59265.0,Biru,49,4,7578.0,1628,1325,29,0.215
718764708,45.0,Laki-Laki,3,Sarjana,,139191.0,Biru,36,1,8858.0,1359,14223,103,0.153
711708408,52.0,Perempuan,3,SMA,Menikah,,Biru,43,4,4798.0,0,3967,72,0.0
718561458,54.0,Laki-Laki,1,SMA,Menikah,66539.0,Biru,36,4,20050.0,1225,1306,26,0.061
714047733,53.0,Perempuan,3,Sarjana,Belum Menikah,59890.0,Biru,45,2,4942.0,2119,7460,85,0.429
716038533,42.0,Perempuan,3,Sarjana,,8857.0,Biru,32,3,7169.0,902,1438,35,0.126
719952408,30.0,Laki-Laki,0,Sarjana,Menikah,39981.0,Biru,36,3,2550.0,1623,1870,51,0.636
710815608,43.0,Laki-Laki,2,SMA,Menikah,70944.0,Biru,25,3,2049.0,1530,4521,70,0.747
802087683,32.0,Laki-Laki,0,Post-Graduate,Menikah,71327.0,Biru,26,6,5478.0,1491,2456,55,0.272
804867183,37.0,Laki-Laki,3,,Menikah,74045.0,Biru,30,6,16043.0,0,2599,47,0.0
716968683,46.0,Perempuan,5,SMA,Belum Menikah,,Biru,38,2,11287.0,1513,5157,72,0.134
772655733,41.0,Laki-Laki,1,Tidak Berpendidikan,Belum Menikah,102836.0,Biru,31,6,2404.0,1887,4489,75,0.785
709741608,51.0,Laki-Laki,2,,Belum Menikah,97090.0,Biru,36,3,4546.0,0,3739,53,0.0
717427983,50.0,Perempuan,3,SMA,Belum Menikah,39859.0,Perak,39,4,11176.0,2422,2682,64,0.217
708812133,49.0,Perempuan,3,Sarjana,Menikah,,Biru,39,5,2270.0,1647,4110,75,0.726
790141308,44.0,Laki-Laki,2,Kuliah,Menikah,80489.0,Biru,37,5,8241.0,0,4436,79,0.0
827341383,38.0,Laki-Laki,3,Sarjana,Belum Menikah,12703.0,Biru,34,5,3094.0,1317,3607,81,0.426
711954558,53.0,Perempuan,3,Sarjana,Menikah,52732.0,Biru,44,3,2636.0,2357,1333,34,0.894
715771608,41.0,Laki-Laki,3,Sarjana,Menikah,191148.0,Perak,36,3,34516.0,1453,4147,76,0.042
715398033,53.0,Laki-Laki,2,SMA,Belum Menikah,145441.0,Biru,35,4,19040.0,2056,1212,31,0.108
709224858,53.0,Laki-Laki,2,Post-Graduate,Menikah,101831.0,Biru,36,5,3610.0,1629,1652,40,0.451
768600558,41.0,Perempuan,4,Sarjana,Belum Menikah,52654.0,Biru,31,4,2375.0,1658,1071,28,0.698
717651333,,Perempuan,2,Sarjana,Belum Menikah,38387.0,Biru,43,1,1745.0,1168,4562,67,0.669
708828258,55.0,Laki-Laki,2,Kuliah,Menikah,143707.0,Biru,37,5,32641.0,1551,1327,30,0.048
709012083,39.0,Laki-Laki,1,Tidak Berpendidikan,Menikah,29840.0,Biru,28,3,4683.0,2514,2010,45,0.537
711776433,37.0,Laki-Laki,3,Tidak Berpendidikan,Belum Menikah,98287.0,Biru,26,4,23622.0,1153,2574,65,0.049
717659883,46.0,Perempuan,2,Sarjana,Belum Menikah,,Biru,36,3,2418.0,1106,3541,64,0.457
720995583,48.0,Laki-Laki,2,Sarjana,Bercerai,65414.0,Perak,33,3,25217.0,1754,15054,110,0.07
715776033,46.0,Laki-Laki,5,Tidak Berpendidikan,Belum Menikah,68597.0,Biru,33,4,3135.0,0,4116,68,0.0
718654533,33.0,Perempuan,1,SMA,Belum Menikah,14087.0,Perak,24,5,12956.0,0,2492,56,0.0
771725808,43.0,Laki-Laki,3,Tidak Berpendidikan,,96644.0,Biru,31,5,28700.0,769,3395,71,0.027
813435108,49.0,Perempuan,1,Sarjana,Belum Menikah,36002.0,Biru,44,5,3537.0,0,4726,78,0.0
784880958,34.0,Perempuan,4,Sarjana,Belum Menikah,59093.0,Biru,28,2,4022.0,1680,3776,84,0.418
721213833,46.0,Perempuan,2,SMA,,,Biru,32,4,7966.0,1423,3780,75,0.179
712437108,49.0,Laki-Laki,3,,Menikah,99503.0,Biru,42,3,14044.0,0,4889,89,0.0
778268508,56.0,Perempuan,2,Tidak Berpendidikan,Belum Menikah,,Biru,47,5,5261.0,1966,4448,86,0.374
715824108,52.0,Perempuan,1,Sarjana,Menikah,26985.0,Biru,38,3,3773.0,1291,4697,75,0.342
721342383,39.0,Laki-Laki,2,Sarjana,Menikah,86867.0,Biru,34,6,17438.0,0,1860,37,0.0
806232408,54.0,Perempuan,3,Sarjana,Menikah,,Biru,49,5,11905.0,0,4022,65,0.0
717200508,40.0,Perempuan,4,Tidak Berpendidikan,Belum Menikah,,Biru,32,3,3056.0,2038,4734,73,0.667
779804208,53.0,Perempuan,2,Sarjana,Belum Menikah,52871.0,Biru,42,6,5332.0,0,1371,39,0.0
719703483,47.0,Perempuan,1,Doktor,Bercerai,25024.0,Biru,37,6,2707.0,1367,4646,73,0.505
713766183,49.0,Laki-Laki,0,Tidak Berpendidikan,Belum Menikah,105919.0,Biru,36,5,16156.0,2517,4160,81,0.156
720070383,41.0,Perempuan,3,Tidak Berpendidikan,Belum Menikah,,Biru,29,6,2429.0,1966,4775,84,0.809
716445783,,Perempuan,2,Tidak Berpendidikan,Menikah,,Biru,31,4,22718.0,0,1191,37,0.0
709606158,37.0,Perempuan,2,Sarjana,Menikah,11845.0,Biru,31,1,2984.0,0,4878,86,0.0
717387933,49.0,Perempuan,2,SMA,Bercerai,7490.0,Biru,36,6,2976.0,2257,3837,57,0.758
803342358,55.0,Laki-Laki,3,Sarjana,Menikah,62622.0,Biru,49,3,5668.0,2517,3382,56,0.444
721523658,46.0,Laki-Laki,5,SMA,,148050.0,Biru,26,4,34516.0,772,3699,77,0.022
809092458,36.0,Perempuan,4,Tidak Berpendidikan,Menikah,51333.0,Biru,31,5,2517.0,1336,5211,83,0.531
789507408,48.0,Perempuan,3,Kuliah,,,Biru,40,2,2337.0,0,5203,90,0.0
714534108,45.0,Perempuan,2,SMA,Menikah,56916.0,Biru,36,4,6407.0,1884,1675,47,0.294
814219008,65.0,Laki-Laki,1,Doktor,Belum Menikah,42624.0,Biru,56,5,1456.0,867,3953,69,0.595
709124883,49.0,Laki-Laki,3,Kuliah,Menikah,103169.0,Biru,37,5,2149.0,1796,5228,93,0.836
714631833,53.0,Laki-Laki,4,Sarjana,Menikah,63648.0,Biru,44,3,1973.0,1324,1587,38,0.671
714547458,65.0,Laki-Laki,0,Sarjana,Menikah,55891.0,Biru,56,3,2297.0,0,1941,51,0.0
789186858,52.0,Laki-Laki,2,Sarjana,Menikah,92983.0,Biru,41,2,33256.0,928,7796,97,0.028
709591533,46.0,Perempuan,3,Kuliah,Bercerai,20246.0,Biru,38,1,1774.0,1115,3474,60,0.629
715593783,52.0,Laki-Laki,1,,Menikah,109795.0,Biru,36,4,14858.0,1594,4286,72,0.107
718909158,38.0,Laki-Laki,1,Kuliah,Menikah,37089.0,Biru,25,6,5559.0,658,1793,37,0.118
828236133,49.0,Laki-Laki,2,Sarjana,Menikah,56048.0,Biru,45,4,10541.0,1387,4269,92,0.132
708923658,41.0,Perempuan,3,,,5191.0,Biru,28,3,7234.0,1420,4466,92,0.196
715717608,41.0,Perempuan,4,Tidak Berpendidikan,,1845.0,Biru,32,4,3189.0,0,4813,86,0.0
819628158,42.0,Laki-Laki,3,Sarjana,Belum Menikah,69894.0,Biru,37,2,17887.0,1821,14544,116,0.102
710628783,38.0,Laki-Laki,4,SMA,Belum Menikah,112757.0,Emas,36,6,34516.0,1140,1445,45,0.033
779474958,35.0,Perempuan,3,,Belum Menikah,1542.0,Biru,17,6,2956.0,1823,2144,58,0.617
713634108,45.0,Perempuan,3,Sarjana,Belum Menikah,,Biru,36,1,4348.0,1830,4293,66,0.421
717622308,,Perempuan,0,SMA,Belum Menikah,7503.0,Biru,36,4,2074.0,1688,4232,75,0.814
710429358,57.0,Laki-Laki,1,SMA,Menikah,53364.0,Biru,48,5,2544.0,1927,1346,30,0.757
779873508,51.0,Perempuan,0,SMA,Menikah,36695.0,Biru,35,5,3132.0,1815,3607,60,0.58
709719333,41.0,Laki-Laki,2,SMA,Belum Menikah,92693.0,Biru,29,6,28422.0,1258,4841,80,0.044
713800158,58.0,Laki-Laki,0,SMA,Menikah,110470.0,Biru,36,6,2994.0,2351,1540,32,0.785
711131958,50.0,Perempuan,3,Doktor,Belum Menikah,51144.0,Biru,42,4,3743.0,881,4621,71,0.235
714702033,43.0,Perempuan,4,Sarjana,,31415.0,Biru,34,5,1971.0,979,5446,75,0.497
715118058,45.0,Laki-Laki,3,Sarjana,Menikah,117654.0,Biru,36,3,20274.0,2100,5274,66,0.104
715079208,54.0,Laki-Laki,1,Kuliah,Menikah,83271.0,Biru,42,4,9642.0,2517,1401,35,0.261
780790008,46.0,Perempuan,3,,Menikah,43709.0,Biru,39,6,1457.0,563,3967,69,0.386
712986483,32.0,Laki-Laki,3,Kuliah,,104833.0,Biru,36,3,15412.0,0,3993,73,0.0
713769258,36.0,Laki-Laki,3,Kuliah,Menikah,173676.0,Biru,26,3,17116.0,939,2547,45,0.055
708665133,40.0,Laki-Laki,2,Sarjana,Menikah,108942.0,Biru,28,6,3654.0,1172,4003,67,0.321
802675983,42.0,Perempuan,3,Sarjana,Menikah,35878.0,Biru,33,2,3794.0,1544,7872,80,0.407
709932558,39.0,Perempuan,2,Tidak Berpendidikan,Menikah,737.0,Biru,26,5,3471.0,2517,1771,34,0.725
713102733,38.0,Perempuan,3,Sarjana,Belum Menikah,871.0,Emas,31,2,15987.0,1766,8195,94,0.11
803973483,49.0,Perempuan,3,,Belum Menikah,35625.0,Biru,44,4,1546.0,0,4496,83,0.0
715005558,36.0,Laki-Laki,2,Kuliah,Belum Menikah,84982.0,Biru,36,6,8374.0,2147,2472,65,0.256
787438983,43.0,Laki-Laki,3,Kuliah,Belum Menikah,49577.0,Biru,23,6,4559.0,1664,1652,37,0.365
711337158,56.0,Laki-Laki,2,Sarjana,Menikah,49805.0,Biru,49,3,3059.0,2387,4774,81,0.78
719362458,,Perempuan,3,SMA,Menikah,21935.0,Biru,36,5,2822.0,0,5064,74,0.0
713444058,45.0,Laki-Laki,1,,Bercerai,54000.0,Perak,31,3,17437.0,2225,3381,51,0.128
806917983,32.0,Perempuan,2,Sarjana,Bercerai,,Perak,27,2,33779.0,1526,15200,126,0.045
789392883,38.0,Perempuan,3,Post-Graduate,,159.0,Biru,29,4,1878.0,1247,4650,71,0.664
711231558,58.0,Laki-Laki,3,SMA,Menikah,71777.0,Biru,40,6,8308.0,2517,1915,37,0.303
779667408,58.0,Laki-Laki,1,Post-Graduate,Belum Menikah,103418.0,Biru,41,4,2915.0,1494,4235,73,0.513
709127808,,Laki-Laki,3,Post-Graduate,Bercerai,65237.0,Biru,35,5,6243.0,1331,3502,57,0.213
711255858,42.0,Perempuan,4,,Menikah,39935.0,Biru,30,4,8777.0,1668,4141,83,0.19
770839608,60.0,Perempuan,1,,Belum Menikah,30473.0,Biru,47,6,2394.0,1427,4611,82,0.596
718858683,42.0,Perempuan,1,Sarjana,Menikah,25271.0,Biru,36,2,1438.3,0,4511,76,0.0
813573333,60.0,Laki-Laki,1,SMA,Menikah,35039.0,Biru,55,5,2661.0,1466,1354,25,0.551
796532958,59.0,Perempuan,0,,Menikah,27154.0,Biru,53,4,5512.0,1124,1975,49,0.204
720235608,60.0,Perempuan,0,Sarjana,,5432.0,Biru,36,4,3828.0,0,4470,58,0.0
713738883,57.0,Perempuan,3,Tidak Berpendidikan,Menikah,30978.0,Biru,36,6,3136.0,1422,1260,34,0.453
712246983,,Laki-Laki,4,SMA,Menikah,117565.0,Biru,43,2,16748.0,2413,15338,121,0.144
716211258,59.0,Perempuan,1,Kuliah,,8464.0,Biru,49,6,4072.0,0,1966,43,0.0
708596283,35.0,Perempuan,3,Tidak Berpendidikan,Belum Menikah,27475.0,Biru,23,3,2858.0,1251,2844,73,0.438
715436883,48.0,Perempuan,3,Post-Graduate,Menikah,30577.0,Biru,36,2,2490.0,1582,7719,86,0.635
709245783,44.0,Perempuan,3,Sarjana,Menikah,,Biru,27,5,7751.0,1965,4543,90,0.254
711333933,,Perempuan,3,Post-Graduate,Belum Menikah,49465.0,Biru,36,2,3005.0,1660,4586,72,0.552
715690908,46.0,Perempuan,3,Sarjana,Belum Menikah,30542.0,Perak,39,4,12222.0,1260,3418,78,0.103
807426033,37.0,Laki-Laki,2,,Belum Menikah,72291.0,Biru,32,4,2865.0,1176,3462,61,0.41
811532208,51.0,Laki-Laki,4,Sarjana,Menikah,44585.0,Perak,46,3,16277.0,1170,3634,62,0.072
708426483,56.0,Perempuan,2,Sarjana,Belum Menikah,11088.0,Biru,36,4,5816.0,716,3534,73,0.123
708219858,39.0,Laki-Laki,2,Sarjana,Belum Menikah,52300.0,Biru,26,6,6423.0,0,4295,70,0.0
720756708,52.0,Perempuan,3,,Menikah,33780.0,Biru,41,6,2622.0,1549,1878,30,0.591
715033533,43.0,Perempuan,2,SMA,Menikah,9432.0,Biru,37,4,3125.0,2517,4422,71,0.805
708474333,42.0,Laki-Laki,3,Sarjana,Menikah,61478.0,Biru,29,3,12294.0,2517,7906,87,0.205
713509908,48.0,Perempuan,2,Sarjana,Menikah,,Biru,35,3,1755.0,1058,4719,90,0.603
822964683,51.0,Perempuan,1,Sarjana,Belum Menikah,39125.0,Biru,47,6,2469.0,1491,4351,62,0.604
716043258,53.0,Laki-Laki,3,,Menikah,41540.0,Biru,41,6,1595.0,870,1745,41,0.545
788290383,43.0,Laki-Laki,3,Doktor,Belum Menikah,58145.0,Biru,35,2,4970.0,1588,4436,83,0.32
710701233,44.0,Perempuan,5,Sarjana,Belum Menikah,,Biru,37,3,17785.0,1259,3890,72,0.071
711197658,53.0,Perempuan,1,Post-Graduate,Belum Menikah,54236.0,Biru,43,5,2618.0,2026,4198,68,0.774
778734108,36.0,Laki-Laki,3,Tidak Berpendidikan,Menikah,71950.0,Biru,16,4,1686.0,1252,1758,42,0.743
715000383,55.0,Laki-Laki,3,Tidak Berpendidikan,Belum Menikah,99853.0,Biru,46,4,13598.0,852,4047,76,0.063
771403008,52.0,Laki-Laki,2,Sarjana,,76744.0,Biru,40,4,7215.0,0,4409,75,0.0
714024858,36.0,Laki-Laki,3,SMA,Menikah,112978.0,Biru,27,3,7056.0,0,1739,35,0.0
721473783,35.0,Perempuan,3,Sarjana,Menikah,23654.0,Biru,21,3,2272.0,604,4614,75,0.266
802884933,61.0,Laki-Laki,1,Sarjana,Menikah,62008.0,Biru,55,6,3264.0,1348,1665,32,0.413
717916758,,Perempuan,0,,Menikah,,Biru,56,4,10509.0,2388,1365,34,0.227
713789883,50.0,Perempuan,4,SMA,Menikah,55188.0,Biru,36,6,1479.0,1004,5116,75,0.679
719731458,56.0,Laki-Laki,3,,,59265.0,Biru,46,6,2910.0,709,1192,27,0.244
713607108,46.0,Perempuan,2,Kuliah,Bercerai,1344.0,Biru,31,6,1852.0,1428,4486,61,0.771
719473458,46.0,Laki-Laki,3,SMA,Belum Menikah,48998.0,Biru,42,3,8285.0,1359,7205,84,0.164
711453783,41.0,Perempuan,3,,Belum Menikah,26122.0,Biru,29,4,1966.0,1452,4666,74,0.739
712206033,55.0,Laki-Laki,1,Sarjana,Menikah,47226.0,Biru,36,2,3705.0,1355,16089,119,0.366
743265108,,Laki-Laki,4,Kuliah,Belum Menikah,79750.0,Biru,30,5,15936.0,827,2477,49,0.052
771730758,51.0,Perempuan,1,SMA,Belum Menikah,,Biru,39,4,5448.0,0,4443,75,0.0
714725883,41.0,Perempuan,4,Sarjana,Bercerai,42751.0,Biru,36,4,5654.0,2470,15123,111,0.437
717233058,34.0,Laki-Laki,4,,Menikah,47609.0,Biru,26,3,5540.0,1240,1524,31,0.224
718589133,65.0,Perempuan,1,Sarjana,Belum Menikah,18538.0,Biru,56,6,4613.0,1619,2328,62,0.351
766429908,49.0,Laki-Laki,2,SMA,,75063.0,Biru,42,6,3017.0,786,1640,37,0.261
719911458,49.0,Perempuan,5,SMA,Menikah,2936.0,Biru,36,4,2598.0,1848,4396,78,0.711
710026458,34.0,Laki-Laki,1,,Menikah,52680.0,Biru,36,2,3995.0,2475,12575,99,0.62
813807258,50.0,Perempuan,2,SMA,Menikah,52870.0,Biru,45,6,1438.3,0,4670,82,0.0
716934333,50.0,Laki-Laki,3,Tidak Berpendidikan,Belum Menikah,98667.0,Biru,40,3,13306.0,2458,3556,68,0.185
789331908,40.0,Perempuan,3,SMA,,28194.0,Biru,30,5,8793.0,918,5342,64,0.104
788544108,43.0,Perempuan,2,SMA,Belum Menikah,20233.0,Biru,37,4,6611.0,1041,4037,74,0.157
715148658,51.0,Perempuan,2,Sarjana,Menikah,22501.0,Biru,43,1,3683.0,1039,4684,86,0.282
718421808,56.0,Perempuan,2,Tidak Berpendidikan,Menikah,,Biru,43,6,3068.0,1765,4611,73,0.575
716580033,53.0,Laki-Laki,3,SMA,Menikah,169454.0,Biru,36,3,21178.0,1796,1872,59,0.085
807986133,57.0,Laki-Laki,2,Kuliah,Menikah,67811.0,Biru,52,5,6584.0,1817,1353,35,0.276
771862308,50.0,Laki-Laki,1,Kuliah,Belum Menikah,114872.0,Biru,39,4,5856.0,2007,4916,87,0.343
712072908,48.0,Laki-Laki,4,Kuliah,Belum Menikah,108793.0,Biru,36,4,2852.0,736,1382,40,0.258
716362008,37.0,Laki-Laki,2,Doktor,Menikah,49059.0,Biru,29,3,1808.0,1009,1744,35,0.558
709179708,40.0,Laki-Laki,2,Sarjana,Bercerai,79444.0,Biru,36,3,3099.0,0,3622,75,0.0
814995933,58.0,Perempuan,3,Sarjana,Menikah,37505.0,Biru,53,5,5798.0,1794,1724,45,0.309
716568708,47.0,Perempuan,2,Sarjana,Menikah,510.0,Biru,36,6,2726.0,0,1099,27,0.0
721299483,47.0,Laki-Laki,3,Sarjana,Belum Menikah,114220.0,Biru,32,2,11671.0,1304,4168,71,0.112
712464933,44.0,Laki-Laki,2,Sarjana,Menikah,89568.0,Biru,36,2,19141.0,1933,15203,114,0.101
803355408,50.0,Laki-Laki,2,,Menikah,78095.0,Biru,44,5,2205.0,1659,4813,77,0.752
715474833,37.0,Laki-Laki,2,Kuliah,Belum Menikah,107005.0,Biru,36,3,12944.0,1399,4389,84,0.108
714790008,38.0,Perempuan,1,,Belum Menikah,20671.0,Biru,36,3,3764.0,0,1572,57,0.0
718431258,41.0,Laki-Laki,4,SMA,Belum Menikah,73591.0,Biru,28,4,3126.0,1503,3662,74,0.481
717004533,35.0,Perempuan,3,SMA,Menikah,20185.0,Biru,36,2,4790.0,1189,4544,81,0.248
821755233,40.0,Perempuan,2,,Menikah,,Biru,28,5,14999.0,1123,3441,69,0.075
807226683,,Laki-Laki,3,,Belum Menikah,54981.0,Biru,43,6,5279.0,1115,1642,41,0.211
720105933,48.0,Laki-Laki,3,Tidak Berpendidikan,Bercerai,54907.0,Biru,35,3,11427.0,2307,15243,107,0.202
720799608,57.0,Perempuan,2,Sarjana,Menikah,52649.0,Biru,49,5,3377.0,1720,1621,32,0.509
779422458,31.0,Perempuan,1,,Bercerai,29530.0,Biru,13,2,3533.0,1206,16339,120,0.341
779737233,51.0,Laki-Laki,1,Sarjana,Menikah,76988.0,Biru,35,3,9589.0,628,3971,66,0.065
715754133,42.0,Perempuan,3,Sarjana,Belum Menikah,34501.0,Biru,32,2,3391.0,1359,13212,107,0.401
804610908,49.0,Perempuan,2,Doktor,Menikah,12882.0,Biru,44,4,3397.0,1962,3295,66,0.578
711283008,50.0,Laki-Laki,1,SMA,Belum Menikah,85761.0,Perak,36,4,34516.0,0,16019,105,0.0
825850383,53.0,Perempuan,2,Sarjana,Belum Menikah,,Biru,49,4,6074.0,0,4303,77,0.0
758875908,40.0,Perempuan,4,,Belum Menikah,29973.0,Biru,33,4,1964.0,1811,4699,81,0.922
708992733,50.0,Perempuan,0,SMA,Menikah,17755.0,Biru,36,4,1513.0,0,4759,98,0.0
745853283,38.0,Perempuan,1,Sarjana,Menikah,,Biru,31,3,7234.0,0,5198,75,0.0
770828358,38.0,Laki-Laki,1,Sarjana,,90092.0,Biru,25,4,8138.0,0,4839,61,0.0
709334658,,Perempuan,2,Tidak Berpendidikan,Menikah,35979.0,Biru,26,4,5484.0,2517,2025,51,0.459
818701383,37.0,Laki-Laki,3,SMA,Menikah,78178.0,Biru,32,6,2253.0,1667,1641,45,0.74
719925483,46.0,Laki-Laki,4,Sarjana,Menikah,96589.0,Biru,36,2,2171.0,1043,4531,88,0.48
765824058,46.0,Laki-Laki,4,Doktor,Menikah,119446.0,Biru,39,3,5106.0,1539,3784,74,0.301
719226333,44.0,Laki-Laki,4,,Belum Menikah,76601.0,Biru,24,5,11042.0,2211,1140,25,0.2
719238183,,Perempuan,3,Sarjana,Menikah,18430.0,Biru,35,3,1872.0,1167,2238,45,0.623
811965558,46.0,Perempuan,4,Kuliah,Belum Menikah,49657.0,Biru,41,2,13743.0,0,9406,106,0.0
708173433,26.0,Perempuan,1,,Belum Menikah,57463.0,Biru,14,4,5645.0,2324,2482,57,0.412
713835258,53.0,Laki-Laki,1,,Menikah,198496.0,Biru,48,3,3088.0,2083,1561,40,0.675
712880283,31.0,Laki-Laki,0,Tidak Berpendidikan,Menikah,51834.0,Biru,22,3,4048.0,1113,1757,45,0.275
719555733,53.0,Perempuan,2,Tidak Berpendidikan,Menikah,,Biru,36,4,2162.0,1592,1736,42,0.736
807275733,27.0,Laki-Laki,0,Post-Graduate,Belum Menikah,,Biru,22,5,7130.0,873,2498,37,0.122
720697908,35.0,Laki-Laki,2,SMA,Menikah,55757.0,Biru,21,3,2967.0,1843,1673,58,0.621
716396358,52.0,Laki-Laki,2,Sarjana,Menikah,61535.0,Biru,47,5,3085.0,1910,1531,35,0.619
797666358,46.0,Perempuan,4,Tidak Berpendidikan,,47156.0,Biru,40,6,1474.0,843,4452,65,0.572
710147958,47.0,Laki-Laki,3,SMA,Menikah,53233.0,Perak,36,3,16138.0,1249,1198,33,0.077
765755283,48.0,Perempuan,2,Sarjana,Menikah,,Biru,41,1,7884.0,745,4588,74,0.094
794653983,44.0,Perempuan,3,Sarjana,Menikah,11191.0,Biru,27,3,1480.0,1017,5245,80,0.687
719627133,50.0,Perempuan,1,Sarjana,Belum Menikah,24912.0,Biru,37,4,3277.0,2481,3965,59,0.757
711421233,51.0,Laki-Laki,3,SMA,Belum Menikah,77176.0,Biru,43,5,7119.0,1513,4969,84,0.213
712813458,49.0,Laki-Laki,2,,Menikah,191069.0,Biru,36,4,19763.0,2517,1414,35,0.127
719034183,46.0,Perempuan,3,Sarjana,Belum Menikah,34533.0,Biru,38,5,1555.0,1366,5490,86,0.878
720376008,,Perempuan,2,Sarjana,Menikah,6869.0,Biru,40,6,6174.0,1421,2043,52,0.23
778428108,36.0,Perempuan,1,Sarjana,Belum Menikah,10456.0,Biru,16,6,6091.0,1184,17437,113,0.194
708534033,45.0,Perempuan,3,Sarjana,Belum Menikah,42320.0,Biru,36,5,6274.0,883,4726,82,0.141
717276708,57.0,Laki-Laki,2,,Belum Menikah,87127.0,Biru,36,3,3127.0,2517,1470,30,0.805
773356008,57.0,Laki-Laki,2,Post-Graduate,Bercerai,74812.0,Biru,51,2,5479.0,1200,7960,86,0.219
716343408,46.0,Laki-Laki,3,Sarjana,Bercerai,115759.0,Biru,38,3,8475.0,1385,1381,40,0.163
717549408,44.0,Laki-Laki,4,Sarjana,Menikah,114624.0,Biru,36,3,20485.0,0,3024,51,0.0
713610933,40.0,Perempuan,2,Tidak Berpendidikan,Menikah,14166.0,Biru,26,3,2708.0,0,4277,90,0.0
718622658,45.0,Laki-Laki,4,SMA,Belum Menikah,105372.0,Biru,34,3,15913.0,1696,4472,86,0.107
716908158,42.0,Perempuan,3,Kuliah,Menikah,18312.0,Biru,36,6,8260.0,2517,3299,64,0.305
808669083,52.0,Perempuan,1,Sarjana,Menikah,29546.0,Biru,47,3,1438.3,0,5015,68,0.0
714140133,42.0,Perempuan,4,Sarjana,,11807.0,Biru,32,3,2314.0,1547,4678,74,0.669
709916058,58.0,Laki-Laki,1,,Menikah,65738.0,Biru,36,3,2347.0,2163,1631,40,0.922
718116933,53.0,Perempuan,3,Sarjana,Belum Menikah,39015.0,Biru,36,2,1438.3,630,4704,79,0.438
720253908,56.0,Laki-Laki,0,SMA,Menikah,91046.0,Biru,43,5,2852.0,1024,1651,28,0.359
716456808,36.0,Perempuan,2,SMA,Belum Menikah,7934.0,Biru,36,6,8087.0,1263,2429,69,0.156
822893133,56.0,Perempuan,1,Tidak Berpendidikan,Bercerai,,Biru,52,6,17561.0,0,1608,33,0.0
715729683,44.0,Laki-Laki,3,SMA,Belum Menikah,140678.0,Perak,36,1,34516.0,1106,7936,76,0.032
712053033,46.0,Laki-Laki,2,,Belum Menikah,93104.0,Biru,34,1,3841.0,1411,8444,81,0.367
713009208,54.0,Perempuan,3,Sarjana,Belum Menikah,36826.0,Biru,44,3,2077.0,1634,4292,66,0.787
815500983,59.0,Perempuan,1,Tidak Berpendidikan,Menikah,28808.0,Biru,54,5,2890.0,2001,1860,36,0.692
814497483,60.0,Laki-Laki,0,Tidak Berpendidikan,Menikah,64696.0,Biru,55,6,6479.0,1393,1618,47,0.215
788240358,40.0,Perempuan,5,Sarjana,Menikah,,Perak,24,2,33441.0,686,8452,83,0.021
709217358,40.0,Laki-Laki,3,Post-Graduate,Menikah,116276.0,Biru,36,5,20371.0,1832,1665,45,0.09
714457083,52.0,Perempuan,2,SMA,Menikah,,Biru,44,6,3456.0,2219,1332,24,0.642
714499908,45.0,Perempuan,3,,Menikah,59885.0,Biru,31,5,2016.0,1303,3243,63,0.646
709587783,39.0,Laki-Laki,4,Post-Graduate,Belum Menikah,67290.0,Perak,36,6,25133.0,0,4033,73,0.0
786493908,42.0,Perempuan,4,Tidak Berpendidikan,Belum Menikah,20243.0,Perak,36,4,10091.0,0,3347,64,0.0
720237408,59.0,Laki-Laki,1,Doktor,Belum Menikah,96518.0,Biru,49,4,22715.0,707,15004,117,0.031
708290208,43.0,Perempuan,3,SMA,Menikah,5624.0,Perak,31,3,13608.0,1190,3118,76,0.087
715054683,50.0,Laki-Laki,2,Tidak Berpendidikan,Belum Menikah,85888.0,Biru,42,3,1645.0,0,3838,60,0.0
818763033,,Perempuan,3,Sarjana,Menikah,52945.0,Biru,29,6,6169.0,2517,4794,71,0.408
714181008,35.0,Perempuan,0,Sarjana,Menikah,35371.0,Biru,36,1,3019.0,1462,4509,71,0.484
710761533,44.0,Laki-Laki,2,Sarjana,,88486.0,Biru,33,3,23665.0,1624,4190,87,0.069
718967433,34.0,Perempuan,2,SMA,Bercerai,10469.0,Biru,36,3,2426.0,0,4918,81,0.0
793842558,39.0,Perempuan,3,Doktor,Menikah,21688.0,Biru,33,6,2001.0,1430,4509,69,0.715
718043583,50.0,Laki-Laki,2,Tidak Berpendidikan,Belum Menikah,140368.0,Biru,40,5,21794.0,1368,15111,116,0.063
710969433,41.0,Perempuan,1,Tidak Berpendidikan,Menikah,227.0,Biru,31,2,2909.0,1201,4230,68,0.413
717711108,43.0,Perempuan,3,,Menikah,11627.0,Biru,27,1,3541.0,1042,14511,123,0.294
711238908,65.0,Perempuan,0,Tidak Berpendidikan,Belum Menikah,24036.0,Biru,54,6,7699.0,1758,5103,62,0.228
716023533,49.0,Perempuan,1,Post-Graduate,Belum Menikah,,Biru,39,6,2880.0,1996,4334,81,0.693
714713508,49.0,Laki-Laki,2,Doktor,Bercerai,81294.0,Biru,36,3,25178.0,1803,7836,87,0.072
717096858,51.0,Laki-Laki,2,Doktor,Belum Menikah,59754.0,Biru,40,4,6492.0,719,4828,78,0.111
720986958,50.0,Perempuan,2,Sarjana,Bercerai,50896.0,Biru,40,6,8307.0,2517,2293,36,0.303
713899383,56.0,Perempuan,1,Sarjana,Belum Menikah,33094.0,Biru,50,4,3688.0,606,14596,120,0.164
716758908,46.0,Laki-Laki,3,Tidak Berpendidikan,Belum Menikah,191779.0,Biru,27,4,34516.0,2213,4492,71,0.064
715009833,51.0,Perempuan,1,SMA,Menikah,21587.0,Biru,36,3,1857.0,1033,5149,90,0.556
767023308,35.0,Laki-Laki,3,Kuliah,,95551.0,Perak,29,2,34516.0,0,12847,106,0.0
708453408,40.0,Laki-Laki,4,Kuliah,Bercerai,94380.0,Biru,31,6,16050.0,0,3721,62,0.0
715276683,52.0,Laki-Laki,2,SMA,Menikah,68295.0,Biru,45,5,24287.0,1676,5495,69,0.069
713889933,59.0,Laki-Laki,0,Sarjana,Belum Menikah,44292.0,Biru,48,4,1638.0,0,1536,44,0.0
824177733,53.0,Perempuan,2,SMA,Belum Menikah,9057.0,Biru,49,1,9678.0,1710,7682,90,0.177
714013083,63.0,Perempuan,2,Sarjana,Menikah,42788.0,Biru,53,4,3067.0,1874,1420,32,0.611
768364233,59.0,Laki-Laki,1,SMA,Menikah,42639.0,Biru,53,6,5446.0,1885,1505,33,0.346
765584208,43.0,Perempuan,3,,Bercerai,29840.0,Biru,30,3,2905.0,2079,4444,84,0.716
715281933,43.0,Perempuan,3,SMA,Belum Menikah,23369.0,Biru,36,3,1438.3,0,4401,73,0.0
711636558,33.0,Laki-Laki,3,Sarjana,Menikah,118259.0,Biru,36,5,2711.0,2073,1567,42,0.765
710924658,52.0,Perempuan,2,SMA,Belum Menikah,55609.0,Biru,36,1,2540.0,1093,9339,99,0.43
773457558,45.0,Perempuan,5,Kuliah,Belum Menikah,41188.0,Perak,39,3,15677.0,1227,3818,81,0.078
712894308,47.0,Laki-Laki,4,SMA,Menikah,117750.0,Biru,37,5,2888.0,0,4345,75,0.0
716441058,45.0,Perempuan,4,SMA,Belum Menikah,16958.0,Perak,36,2,14416.0,0,13820,99,0.0
712854633,49.0,Perempuan,2,,Belum Menikah,,Biru,39,4,11320.0,0,2845,57,0.0
808292958,26.0,Laki-Laki,0,Sarjana,Belum Menikah,8814.0,Biru,20,6,1438.3,495,2546,40,0.344
710605458,49.0,Laki-Laki,2,SMA,Menikah,60396.0,Biru,39,6,7223.0,1963,4127,70,0.272
806250783,57.0,Perempuan,2,SMA,Menikah,10193.0,Biru,52,6,1441.0,0,2742,58,0.0
713087958,53.0,Laki-Laki,4,SMA,Bercerai,156152.0,Biru,36,3,34516.0,1337,7919,85,0.039
719210133,47.0,Laki-Laki,3,Tidak Berpendidikan,Belum Menikah,62693.0,Biru,35,2,14131.0,1333,12779,103,0.094
719660658,37.0,Perempuan,1,SMA,Belum Menikah,,Biru,36,6,16594.0,1931,2134,47,0.116
820906233,45.0,Laki-Laki,2,Sarjana,Menikah,44038.0,Biru,41,5,8532.0,2165,3242,63,0.254
715735233,51.0,Perempuan,5,Post-Graduate,Menikah,18063.0,Biru,44,5,3449.0,1598,1679,42,0.463
714516033,53.0,Laki-Laki,3,SMA,Menikah,148720.0,Biru,44,4,9025.0,1005,4412,87,0.111
787284858,35.0,Laki-Laki,2,Tidak Berpendidikan,,146266.0,Biru,29,5,3300.0,1731,1745,27,0.525
714655758,62.0,Laki-Laki,0,Sarjana,Bercerai,57274.0,Biru,36,6,4049.0,0,4003,73,0.0
796196733,52.0,Perempuan,2,,Belum Menikah,43053.0,Biru,46,4,4259.0,0,4389,80,0.0
720452508,51.0,Perempuan,1,Kuliah,Menikah,,Biru,37,4,11167.0,0,3848,74,0.0
712351908,,Laki-Laki,3,SMA,,85194.0,Biru,34,1,26438.0,1655,8029,81,0.063
712847208,47.0,Perempuan,3,Sarjana,,53672.0,Biru,36,5,5369.0,1854,1898,50,0.345
816089433,49.0,Laki-Laki,4,Doktor,Menikah,66804.0,Biru,44,3,3343.0,1581,1545,31,0.473
714429258,46.0,Laki-Laki,5,Doktor,Belum Menikah,73130.0,Biru,39,4,11464.0,0,3660,55,0.0
716134533,44.0,Laki-Laki,4,Kuliah,Belum Menikah,84052.0,Biru,34,4,22074.0,0,4406,80,0.0
711786108,52.0,Laki-Laki,1,Sarjana,Menikah,75757.0,Biru,43,3,7187.0,2014,1159,26,0.28
719202708,54.0,Perempuan,3,SMA,Menikah,16016.0,Biru,36,2,5642.0,541,4633,84,0.096
713837058,48.0,Laki-Laki,2,Kuliah,Belum Menikah,35072.0,Biru,36,3,2571.0,1955,1234,24,0.76
710668458,48.0,Perempuan,4,Sarjana,Menikah,38252.0,Biru,36,5,3696.0,0,3405,76,0.0
714691683,62.0,Laki-Laki,1,Sarjana,Belum Menikah,74397.0,Biru,54,4,13284.0,607,4942,76,0.046
709783908,52.0,Perempuan,3,,Menikah,26337.0,Biru,47,6,2280.0,1170,1924,50,0.513
804403908,50.0,Laki-Laki,3,Sarjana,Belum Menikah,66293.0,Biru,45,4,21872.0,1118,1806,31,0.051
780466533,54.0,Laki-Laki,3,Doktor,Menikah,192554.0,Biru,41,3,21592.0,1676,1873,52,0.078
718657083,46.0,Laki-Laki,3,SMA,Menikah,63288.0,Biru,36,4,4696.0,0,4828,62,0.0
720747633,32.0,Laki-Laki,1,,Menikah,53294.0,Biru,36,3,8998.0,1471,1931,48,0.163
778493808,,Laki-Laki,3,SMA,Menikah,61609.0,Biru,37,5,3906.0,0,1756,32,0.0
789472833,42.0,Perempuan,2,Kuliah,Bercerai,22669.0,Biru,33,3,2283.0,1690,4377,64,0.74
711160233,32.0,Laki-Laki,1,SMA,Menikah,46152.0,Biru,19,2,12024.0,0,14551,105,0.0
809147283,43.0,Perempuan,5,Sarjana,Menikah,32830.0,Emas,38,2,15987.0,1372,15058,109,0.086
721211433,42.0,Laki-Laki,4,Doktor,Belum Menikah,67346.0,Biru,31,2,3322.0,0,13784,108,0.0
712822758,52.0,Perempuan,3,Tidak Berpendidikan,Menikah,12186.0,Biru,33,6,5677.0,1403,2730,58,0.247
767587833,44.0,Laki-Laki,3,,Belum Menikah,141421.0,Biru,37,3,3650.0,2512,4599,75,0.688
798773208,,Perempuan,4,,Bercerai,,Biru,40,5,26496.0,1406,3691,75,0.053
721387008,42.0,Laki-Laki,4,Sarjana,Menikah,125167.0,Biru,24,3,3103.0,1783,4792,69,0.575
719042208,43.0,Laki-Laki,4,Doktor,,67835.0,Biru,33,4,2067.0,1250,4565,65,0.605
711062958,43.0,Laki-Laki,3,Sarjana,Belum Menikah,173762.0,Biru,23,5,4121.0,2084,3462,49,0.506
720589008,47.0,Perempuan,3,Doktor,,,Biru,38,1,4072.0,1594,4317,83,0.391
711128433,55.0,Laki-Laki,3,Tidak Berpendidikan,Belum Menikah,52395.0,Biru,36,1,10949.0,829,7685,91,0.076
721395633,53.0,Laki-Laki,1,Sarjana,Belum Menikah,109351.0,Biru,41,5,18591.0,994,15063,108,0.053
789820308,50.0,Perempuan,3,Sarjana,Menikah,21269.0,Biru,40,3,2925.0,2065,3913,47,0.706
717494358,58.0,Perempuan,0,Sarjana,Belum Menikah,33607.0,Biru,48,2,4299.0,1334,15068,123,0.31
710883483,52.0,Perempuan,1,Sarjana,Menikah,51076.0,Biru,34,3,4189.0,2066,4661,85,0.493
808909008,61.0,Laki-Laki,0,Post-Graduate,Menikah,7645.0,Biru,56,6,1438.3,0,1448,31,0.0
717642633,51.0,Laki-Laki,2,Sarjana,Menikah,60064.0,Biru,40,3,3750.0,1801,17995,116,0.48
714128283,49.0,Perempuan,1,,Menikah,14156.0,Perak,40,2,13411.0,1736,12493,113,0.129
714432108,56.0,Perempuan,3,Tidak Berpendidikan,Menikah,58895.0,Biru,46,5,2402.0,1892,4610,76,0.788
710871108,45.0,Laki-Laki,5,Tidak Berpendidikan,Bercerai,73197.0,Perak,36,4,31756.0,1459,4759,70,0.046
807237783,50.0,Laki-Laki,3,Tidak Berpendidikan,Belum Menikah,75909.0,Biru,45,5,20437.0,1020,4166,66,0.05
720289533,47.0,Perempuan,4,,Menikah,,Biru,42,5,1882.0,1143,4536,85,0.607
719252583,29.0,Perempuan,1,SMA,Belum Menikah,13245.0,Biru,20,4,3095.0,1488,4642,92,0.481
719841708,45.0,Laki-Laki,0,Tidak Berpendidikan,Belum Menikah,84599.0,Biru,36,1,20356.0,2031,15180,121,0.1
827108583,55.0,Laki-Laki,3,SMA,Belum Menikah,167206.0,Biru,51,3,34516.0,1266,1161,26,0.037
720644883,53.0,Perempuan,1,Kuliah,Menikah,,Biru,40,3,4941.0,1867,5104,87,0.378
716351208,48.0,Perempuan,3,Tidak Berpendidikan,Menikah,35606.0,Biru,38,1,4095.0,2517,4175,77,0.615
789129033,44.0,Laki-Laki,5,,Belum Menikah,114408.0,Biru,32,5,14910.0,877,1150,26,0.059
712742808,41.0,Perempuan,3,Tidak Berpendidikan,Menikah,3701.0,Biru,29,5,3022.0,1142,1184,21,0.378
709014558,49.0,Laki-Laki,2,Tidak Berpendidikan,Menikah,66787.0,Biru,42,3,3783.0,0,4383,82,0.0
713926308,,Perempuan,3,Tidak Berpendidikan,Belum Menikah,39212.0,Biru,36,4,2624.0,1458,4487,61,0.556
780371433,35.0,Perempuan,2,Sarjana,Menikah,,Biru,25,2,3339.0,2014,4725,83,0.603
788915283,43.0,Perempuan,2,Kuliah,Belum Menikah,23835.0,Biru,29,5,2304.0,1589,1273,36,0.69
714997683,56.0,Perempuan,4,Sarjana,Menikah,,Biru,49,5,14915.0,1111,1388,35,0.074
797757333,43.0,Laki-Laki,3,Post-Graduate,Menikah,63212.0,Emas,37,6,34516.0,1580,4149,86,0.046
714252933,52.0,Perempuan,2,Kuliah,Bercerai,30641.0,Biru,45,4,1438.3,0,4737,80,0.0
710017758,44.0,Laki-Laki,4,Sarjana,Belum Menikah,45306.0,Biru,36,5,11346.0,0,3784,67,0.0
779138883,50.0,Laki-Laki,1,Sarjana,Menikah,63254.0,Biru,34,6,4702.0,0,1673,44,0.0
720846558,49.0,Laki-Laki,1,,Belum Menikah,119879.0,Biru,36,6,34516.0,0,2512,45,0.0
779653458,37.0,Laki-Laki,3,Sarjana,Menikah,81787.0,Biru,20,3,8260.0,2077,2323,47,0.251
715542783,33.0,Perempuan,2,Sarjana,Menikah,11220.0,Biru,24,1,3731.0,0,13234,92,0.0
788418933,35.0,Perempuan,2,Sarjana,Menikah,54908.0,Biru,27,5,1613.0,1085,5000,85,0.673
719905908,59.0,Laki-Laki,1,Tidak Berpendidikan,Menikah,63301.0,Biru,36,4,3742.0,1175,1505,31,0.314
718924983,59.0,Laki-Laki,0,Tidak Berpendidikan,Belum Menikah,77829.0,Biru,48,5,4906.0,1302,4833,80,0.265
709914858,48.0,Perempuan,2,Sarjana,Menikah,13584.0,Biru,36,4,6362.0,1705,5169,84,0.268
709948233,47.0,Perempuan,3,Tidak Berpendidikan,Belum Menikah,,Biru,35,1,2446.0,1899,5347,87,0.776
714473658,42.0,Laki-Laki,3,Sarjana,Belum Menikah,48223.0,Biru,30,6,8960.0,1054,1488,26,0.118
713682708,45.0,Laki-Laki,2,Kuliah,Bercerai,51357.0,Biru,37,5,10991.0,1328,3692,60,0.121
710325258,52.0,Laki-Laki,1,,Menikah,99708.0,Perak,36,6,34516.0,1847,3284,65,0.054
712685733,57.0,Perempuan,3,,Belum Menikah,,Perak,36,6,34516.0,1698,3498,68,0.049
710879283,51.0,Laki-Laki,1,SMA,Menikah,13504.0,Biru,41,3,1438.3,0,4312,81,0.0
818336508,50.0,Laki-Laki,2,,Belum Menikah,156466.0,Biru,45,6,32719.0,1650,4037,60,0.05
708780783,43.0,Perempuan,3,Sarjana,Belum Menikah,42578.0,Biru,33,4,2434.0,1169,4739,76,0.48
787621158,33.0,Laki-Laki,2,,Menikah,78651.0,Biru,25,6,6242.0,491,2187,59,0.079
815230458,31.0,Laki-Laki,1,SMA,Bercerai,48734.0,Perak,26,1,15504.0,1277,14181,126,0.082
720777558,46.0,Perempuan,4,Sarjana,Belum Menikah,27074.0,Biru,38,6,2671.0,1713,4519,79,0.641
795979833,53.0,Perempuan,1,SMA,Menikah,29246.0,Biru,47,6,3445.0,1074,1074,31,0.312
737052258,62.0,Perempuan,1,,Belum Menikah,18055.0,Biru,55,6,5284.0,2517,4525,63,0.476
824799108,46.0,Perempuan,3,SMA,Menikah,51110.0,Biru,42,2,10901.0,1874,7498,90,0.172
721250358,50.0,Laki-Laki,2,,Menikah,56529.0,Biru,36,3,5426.0,1478,1266,22,0.272
720943308,47.0,Laki-Laki,3,Sarjana,Belum Menikah,65952.0,Perak,36,1,30498.0,1990,16202,120,0.065
719483358,33.0,Laki-Laki,1,Kuliah,Menikah,41845.0,Biru,14,3,6746.0,1750,2962,54,0.259
720895533,32.0,Perempuan,4,,Menikah,9289.0,Biru,22,6,1438.3,1056,4885,78,0.734
719505483,51.0,Perempuan,0,Tidak Berpendidikan,Menikah,,Biru,36,6,5881.0,0,4431,89,0.0
713706258,52.0,Perempuan,1,,Belum Menikah,5948.0,Biru,43,6,1438.3,773,4890,63,0.537
824795358,49.0,Perempuan,3,SMA,Menikah,6833.0,Biru,45,3,1638.0,1038,4150,70,0.634
711643458,50.0,Perempuan,1,Tidak Berpendidikan,Menikah,867.0,Biru,43,6,1438.3,0,1439,41,0.0
779703258,41.0,Perempuan,4,Sarjana,Belum Menikah,11258.0,Biru,24,3,2069.0,1393,4962,70,0.673
768390708,47.0,Laki-Laki,2,,Belum Menikah,85551.0,Biru,41,6,2877.0,1136,4006,68,0.395
807990108,44.0,Laki-Laki,1,Tidak Berpendidikan,Bercerai,143802.0,Biru,39,3,11362.0,0,3197,61,0.0
711023508,55.0,Perempuan,1,Sarjana,Menikah,,Biru,43,5,3161.0,1389,1547,30,0.439
826783233,57.0,Perempuan,3,SMA,Belum Menikah,25111.0,Biru,53,1,3029.0,2214,4750,89,0.731
713251008,43.0,Perempuan,2,Tidak Berpendidikan,Menikah,,Biru,38,6,2960.0,1853,3921,63,0.626
